Area,Year,ghg_emissions
Albania,1961,17157.9915
Albania,1962,17495.627
Albania,1963,16941.2131
Albania,1964,16995.5552
Albania,1965,18213.0337
Albania,1966,18685.5982
Albania,1967,19213.0872
Albania,1968,19045.825100000002
Albania,1969,18887.946
Albania,1970,19530.6473
Albania,1971,19940.0262
Albania,1972,21114.9006
Albania,1973,21107.017499999998
Albania,1974,20785.734
Albania,1975,21034.614700000002
Albania,1976,22689.895099999998
Albania,1977,24399.3485
Albania,1978,27067.7945
Albania,1979,28858.5216
Albania,1980,26954.5292
Albania,1981,29666.952400000002
Albania,1982,29687.8781
Albania,1983,30416.5792
Albania,1984,30789.846999999998
Albania,1985,30140.8128
Albania,1986,31128.369599999998
Albania,1987,31381.6133
Albania,1988,32399.1652
Albania,1989,34983.9535
Albania,1990,134580.3026
Albania,1991,119414.84760000001
Albania,1992,97799.7178
Albania,1993,99851.7302
Albania,1994,115077.3974
Albania,1995,117293.7705
Albania,1996,110782.4895
Albania,1997,101386.7916
Albania,1998,100902.90849999999
Albania,1999,110178.3444
Albania,2000,123228.9829
Albania,2001,110070.6398
Albania,2002,114319.2113
Albania,2003,116338.972
Albania,2004,115533.5986
Albania,2005,114783.22899999999
Albania,2006,112537.65669999999
Albania,2007,108274.387
Albania,2008,105336.94
Albania,2009,101644.5489
Albania,2010,97418.189
Albania,2011,103550.4613
Albania,2012,101002.5461
Albania,2013,104061.56270000001
Albania,2014,110591.7476
Albania,2015,103366.9699
Albania,2016,108561.345
Albania,2017,112301.5162
Albania,2018,107329.4011
Albania,2019,104360.775
Albania,2020,99530.2258
Albania,2021,96863.834
Albania,2022,95857.9985
Albania,2030,16046.3528
Albania,2050,16054.779900000001
Austria,1961,98544.8542
Austria,1962,102161.1849
Austria,1963,104774.00720000001
Austria,1964,104962.1106
Austria,1965,105022.4355
Austria,1966,106568.8972
Austria,1967,109081.0337
Austria,1968,111915.6766
Austria,1969,113809.7651
Austria,1970,119596.4641
Austria,1971,122601.6379
Austria,1972,125935.6333
Austria,1973,130364.68539999999
Austria,1974,129061.0773
Austria,1975,125058.7644
Austria,1976,129992.3161
Austria,1977,127592.6357
Austria,1978,130103.55059999999
Austria,1979,135487.2217
Austria,1980,125494.1539
Austria,1981,127788.8769
Austria,1982,125843.702
Austria,1983,124908.7108
Austria,1984,129413.86290000001
Austria,1985,130409.9253
Austria,1986,127685.5729
Austria,1987,130397.37849999999
Austria,1988,126280.5173
Austria,1989,124130.9361
Austria,1990,570193.5592
Austria,1991,572792.4588
Austria,1992,547058.6495
Austria,1993,540596.5741
Austria,1994,540406.9554
Austria,1995,547529.8593
Austria,1996,582612.0033
Austria,1997,545179.927
Austria,1998,552653.1923
Austria,1999,525068.4617
Austria,2000,535020.0426
Austria,2001,598867.4649
Austria,2002,630114.4768000001
Austria,2003,698832.7046
Austria,2004,670374.4051
Austria,2005,674328.9311
Austria,2006,684144.7101
Austria,2007,664835.926
Austria,2008,672166.6736
Austria,2009,615593.7156
Austria,2010,649220.7547
Austria,2011,628344.2394
Austria,2012,603354.7997
Austria,2013,609412.6651
Austria,2014,587339.8465
Austria,2015,603296.5921
Austria,2016,607468.8966999999
Austria,2017,621613.735
Austria,2018,600847.6861
Austria,2019,605947.7274
Austria,2020,576726.8326
Austria,2021,570676.5926
Austria,2022,550125.7663
Austria,2030,30686.8821
Austria,2050,28966.8246
Belarus,1992,1425861.4953
Belarus,1993,1331363.129
Belarus,1994,1179985.9001
Belarus,1995,1124791.175
Belarus,1996,1116415.959
Belarus,1997,1112080.6495
Belarus,1998,1110094.6158
Belarus,1999,1064773.1713
Belarus,2000,1032961.0527
Belarus,2001,1069813.5727
Belarus,2002,1061995.5471
Belarus,2003,1081599.025
Belarus,2004,1101661.148
Belarus,2005,1110285.5656
Belarus,2006,1134279.3246
Belarus,2007,1111709.5985
Belarus,2008,1147142.313
Belarus,2009,1115791.758
Belarus,2010,1127829.1614
Belarus,2011,1322010.3472
Belarus,2012,1330139.2041
Belarus,2013,1334360.8752
Belarus,2014,1333587.8799
Belarus,2015,1305941.8966
Belarus,2016,1244184.881
Belarus,2017,1283018.2704
Belarus,2018,1291294.1529
Belarus,2019,1299042.2368
Belarus,2020,1345211.1751
Belarus,2021,1356996.4674
Belarus,2022,1344828.3079
Belarus,2030,66451.586
Belarus,2050,65631.5107
Belgium,2000,1134908.273
Belgium,2001,1123412.1325
Belgium,2002,1090972.3947
Belgium,2003,1134306.883
Belgium,2004,1124391.3694
Belgium,2005,1104837.4832
Belgium,2006,1080107.6238
Belgium,2007,1051151.0985
Belgium,2008,1061423.1369
Belgium,2009,1047414.5529
Belgium,2010,1105029.8189
Belgium,2011,1057788.8784
Belgium,2012,1025394.9796
Belgium,2013,1037978.3401
Belgium,2014,1007081.1679
Belgium,2015,1034120.912
Belgium,2016,1007746.9291000001
Belgium,2017,1003307.355
Belgium,2018,1021782.6325000001
Belgium,2019,1022783.5792
Belgium,2020,962395.2894
Belgium,2021,972170.7342000001
Belgium,2022,921936.2852
Belgium,2030,40082.1577
Belgium,2050,37957.6811
Belgium-Luxembourg,1961,177884.6723
Belgium-Luxembourg,1962,187743.47569999998
Belgium-Luxembourg,1963,196033.4515
Belgium-Luxembourg,1964,189060.9445
Belgium-Luxembourg,1965,192820.0703
Belgium-Luxembourg,1966,193470.9014
Belgium-Luxembourg,1967,196772.8059
Belgium-Luxembourg,1968,209876.9566
Belgium-Luxembourg,1969,217592.8579
Belgium-Luxembourg,1970,225078.2475
Belgium-Luxembourg,1971,218416.58949999997
Belgium-Luxembourg,1972,227889.6182
Belgium-Luxembourg,1973,238813.3637
Belgium-Luxembourg,1974,239390.5985
Belgium-Luxembourg,1975,221176.3576
Belgium-Luxembourg,1976,229194.35570000001
Belgium-Luxembourg,1977,223676.59500000003
Belgium-Luxembourg,1978,233571.29549999998
Belgium-Luxembourg,1979,240944.505
Belgium-Luxembourg,1980,234551.15999999997
Belgium-Luxembourg,1981,220790.5028
Belgium-Luxembourg,1982,212814.8055
Belgium-Luxembourg,1983,197033.7853
Belgium-Luxembourg,1984,203167.9899
Belgium-Luxembourg,1985,201891.306
Belgium-Luxembourg,1986,199023.28639999998
Belgium-Luxembourg,1987,199360.5971
Belgium-Luxembourg,1988,196393.2938
Belgium-Luxembourg,1989,204056.0539
Belgium-Luxembourg,1990,1037254.4419
Belgium-Luxembourg,1991,1067486.8886
Belgium-Luxembourg,1992,1066753.7913
Belgium-Luxembourg,1993,1041936.9545
Belgium-Luxembourg,1994,1083432.9252
Belgium-Luxembourg,1995,1080060.0219999999
Belgium-Luxembourg,1996,1117336.5712000001
Belgium-Luxembourg,1997,1090125.8277
Belgium-Luxembourg,1998,1112932.0093999999
Belgium-Luxembourg,1999,1089238.7548
Bosnia and Herzegovina,1992,188717.15899999999
Bosnia and Herzegovina,1993,160853.4912
Bosnia and Herzegovina,1994,86334.2353
Bosnia and Herzegovina,1995,81091.4499
Bosnia and Herzegovina,1996,83567.899
Bosnia and Herzegovina,1997,122950.3399
Bosnia and Herzegovina,1998,146741.3769
Bosnia and Herzegovina,1999,153022.5546
Bosnia and Herzegovina,2000,179103.0938
Bosnia and Herzegovina,2001,149547.93170000002
Bosnia and Herzegovina,2002,166749.6252
Bosnia and Herzegovina,2003,170588.61239999998
Bosnia and Herzegovina,2004,186445.4926
Bosnia and Herzegovina,2005,191802.4975
Bosnia and Herzegovina,2006,204944.717
Bosnia and Herzegovina,2007,206999.9697
Bosnia and Herzegovina,2008,222126.8683
Bosnia and Herzegovina,2009,226497.6668
Bosnia and Herzegovina,2010,231046.3711
Bosnia and Herzegovina,2011,221728.887
Bosnia and Herzegovina,2012,211078.0664
Bosnia and Herzegovina,2013,202474.91019999998
Bosnia and Herzegovina,2014,192010.5956
Bosnia and Herzegovina,2015,191073.5404
Bosnia and Herzegovina,2016,226348.52850000001
Bosnia and Herzegovina,2017,230352.2046
Bosnia and Herzegovina,2018,229017.744
Bosnia and Herzegovina,2019,215246.91879999998
Bosnia and Herzegovina,2020,218509.11860000002
Bosnia and Herzegovina,2021,214436.9299
Bosnia and Herzegovina,2022,218615.3352
Bosnia and Herzegovina,2030,11568.161
Bosnia and Herzegovina,2050,11630.8876
Bulgaria,1961,91319.3594
Bulgaria,1962,99483.2404
Bulgaria,1963,103103.9094
Bulgaria,1964,114333.9477
Bulgaria,1965,121798.32119999999
Bulgaria,1966,126163.4803
Bulgaria,1967,132288.76380000002
Bulgaria,1968,138434.5979
Bulgaria,1969,143188.5487
Bulgaria,1970,137122.8665
Bulgaria,1971,139789.86609999998
Bulgaria,1972,146148.113
Bulgaria,1973,147328.6818
Bulgaria,1974,149307.2692
Bulgaria,1975,157156.515
Bulgaria,1976,159824.219
Bulgaria,1977,162528.0306
Bulgaria,1978,169615.39489999998
Bulgaria,1979,170216.8272
Bulgaria,1980,171394.0723
Bulgaria,1981,177437.43099999998
Bulgaria,1982,189931.6442
Bulgaria,1983,189900.3887
Bulgaria,1984,184910.076
Bulgaria,1985,184343.4308
Bulgaria,1986,184348.8429
Bulgaria,1987,182326.1352
Bulgaria,1988,179883.1384
Bulgaria,1989,176380.5772
Bulgaria,1990,662974.6532000001
Bulgaria,1991,538324.7632
Bulgaria,1992,480817.5502
Bulgaria,1993,527786.1543
Bulgaria,1994,410375.0641
Bulgaria,1995,398684.1508
Bulgaria,1996,377961.31299999997
Bulgaria,1997,340829.0254
Bulgaria,1998,316858.6818
Bulgaria,1999,284077.8169
Bulgaria,2000,272682.1176
Bulgaria,2001,291155.8701
Bulgaria,2002,282156.4971
Bulgaria,2003,308367.7447
Bulgaria,2004,300587.2002
Bulgaria,2005,296427.0743
Bulgaria,2006,299712.6064
Bulgaria,2007,328377.2841
Bulgaria,2008,315874.1133
Bulgaria,2009,262282.6181
Bulgaria,2010,273463.9445
Bulgaria,2011,404234.7104
Bulgaria,2012,359098.5112
Bulgaria,2013,334406.12059999997
Bulgaria,2014,349083.5973
Bulgaria,2015,380836.9509
Bulgaria,2016,210661.45679999999
Bulgaria,2017,229638.1397
Bulgaria,2018,206538.5872
Bulgaria,2019,195687.1035
Bulgaria,2020,188844.3951
Bulgaria,2021,218052.56869999997
Bulgaria,2022,200202.3259
Bulgaria,2030,18347.8342
Bulgaria,2050,17637.6494
Croatia,1992,197391.7266
Croatia,1993,189227.4641
Croatia,1994,183611.9014
Croatia,1995,183158.2897
Croatia,1996,182388.4506
Croatia,1997,204989.7715
Croatia,1998,202470.8425
Croatia,1999,205690.90850000002
Croatia,2000,205279.3709
Croatia,2001,210971.2217
Croatia,2002,221273.3998
Croatia,2003,229681.5585
Croatia,2004,239601.8449
Croatia,2005,237137.5084
Croatia,2006,248478.048
Croatia,2007,262619.001
Croatia,2008,257930.5496
Croatia,2009,222973.85929999998
Croatia,2010,221541.0723
Croatia,2011,220267.8921
Croatia,2012,202169.96
Croatia,2013,195727.8887
Croatia,2014,192368.5757
Croatia,2015,199628.644
Croatia,2016,179085.1866
Croatia,2017,188746.7486
Croatia,2018,174402.37529999999
Croatia,2019,176619.4792
Croatia,2020,178916.6984
Croatia,2021,183641.474
Croatia,2022,180305.8294
Croatia,2030,16275.767100000001
Croatia,2050,16521.2046
Czechia,1993,1121377.8270999999
Czechia,1994,1075642.8651
Czechia,1995,1063625.8942
Czechia,1996,1065312.6276
Czechia,1997,1055771.9671
Czechia,1998,1012970.71
Czechia,1999,943942.2373
Czechia,2000,1020962.0646
Czechia,2001,1053466.4949
Czechia,2002,998546.9768
Czechia,2003,1014821.6361
Czechia,2004,989256.1833
Czechia,2005,999333.9783000001
Czechia,2006,1023361.7834000001
Czechia,2007,1039465.0335
Czechia,2008,989630.2228000001
Czechia,2009,914876.4839999999
Czechia,2010,952616.3973000001
Czechia,2011,952995.7664
Czechia,2012,928275.6248
Czechia,2013,916160.681
Czechia,2014,891692.2815
Czechia,2015,921188.96
Czechia,2016,924612.0252
Czechia,2017,924650.1063
Czechia,2018,935931.9095
Czechia,2019,936412.4786
Czechia,2020,852053.6094
Czechia,2021,822787.1610000001
Czechia,2022,817973.2073
Czechia,2030,24575.7941
Czechia,2050,23477.3283
Czechoslovakia,1961,271282.6314
Czechoslovakia,1962,284352.3754
Czechoslovakia,1963,292793.8335
Czechoslovakia,1964,301263.3216
Czechoslovakia,1965,296496.7371
Czechoslovakia,1966,295475.8828
Czechoslovakia,1967,295616.5892
Czechoslovakia,1968,307357.0641
Czechoslovakia,1969,317519.0794
Czechoslovakia,1970,347618.72359999997
Czechoslovakia,1971,360713.063
Czechoslovakia,1972,366700.7188
Czechoslovakia,1973,370217.4031
Czechoslovakia,1974,360238.8887
Czechoslovakia,1975,371969.68720000004
Czechoslovakia,1976,383400.8589
Czechoslovakia,1977,394530.8495
Czechoslovakia,1978,398671.1325
Czechoslovakia,1979,394175.6202
Czechoslovakia,1980,399210.63039999997
Czechoslovakia,1981,394607.5029
Czechoslovakia,1982,392961.7012
Czechoslovakia,1983,394331.32060000004
Czechoslovakia,1984,405617.22140000004
Czechoslovakia,1985,397625.2015
Czechoslovakia,1986,394776.1334
Czechoslovakia,1987,389555.9387
Czechoslovakia,1988,387322.16949999996
Czechoslovakia,1989,377723.0714
Czechoslovakia,1990,1783493.0695
Czechoslovakia,1991,1595970.2566
Czechoslovakia,1992,1450544.5551
Denmark,1961,128087.84240000001
Denmark,1962,132285.4612
Denmark,1963,133782.5614
Denmark,1964,136898.24469999998
Denmark,1965,141015.3785
Denmark,1966,147361.3892
Denmark,1967,146414.651
Denmark,1968,148313.2142
Denmark,1969,153416.9938
Denmark,1970,152657.1585
Denmark,1971,147064.7922
Denmark,1972,152551.1936
Denmark,1973,155521.5457
Denmark,1974,149767.2461
Denmark,1975,150688.4857
Denmark,1976,155642.6658
Denmark,1977,160080.0106
Denmark,1978,160608.0117
Denmark,1979,163615.4526
Denmark,1980,159219.91939999998
Denmark,1981,149411.2267
Denmark,1982,150355.6703
Denmark,1983,147128.0229
Denmark,1984,144995.0559
Denmark,1985,150702.7104
Denmark,1986,147577.5362
Denmark,1987,143865.5326
Denmark,1988,139369.0244
Denmark,1989,133921.1665
Denmark,1990,777555.2118
Denmark,1991,838197.4941
Denmark,1992,795970.66
Denmark,1993,810804.396
Denmark,1994,827378.503
Denmark,1995,800394.8398
Denmark,1996,889930.8896
Denmark,1997,820729.0168
Denmark,1998,804069.537
Denmark,1999,767460.9199
Denmark,2000,744257.2128
Denmark,2001,752902.8394
Denmark,2002,741577.2069
Denmark,2003,764813.2579
Denmark,2004,714706.0560999999
Denmark,2005,689628.1898
Denmark,2006,738058.2124
Denmark,2007,761049.8568
Denmark,2008,684044.2738
Denmark,2009,653265.2998
Denmark,2010,661189.9526
Denmark,2011,604858.0644
Denmark,2012,571381.6241
Denmark,2013,581588.2867
Denmark,2014,552824.3427
Denmark,2015,534409.6403
Denmark,2016,586225.4309
Denmark,2017,575035.7652
Denmark,2018,579402.7486
Denmark,2019,549688.6123
Denmark,2020,530688.1914
Denmark,2021,483219.3122
Denmark,2022,478604.5445
Denmark,2030,42110.528399999996
Denmark,2050,40546.5539
Estonia,1992,281380.9919
Estonia,1993,242261.301
Estonia,1994,239192.4539
Estonia,1995,215340.5768
Estonia,1996,217686.9708
Estonia,1997,210371.7683
Estonia,1998,200845.8898
Estonia,1999,192386.5252
Estonia,2000,193468.7665
Estonia,2001,199370.66019999998
Estonia,2002,193753.0059
Estonia,2003,201638.7721
Estonia,2004,212849.4637
Estonia,2005,225176.3887
Estonia,2006,215091.482
Estonia,2007,235814.7151
Estonia,2008,226109.0193
Estonia,2009,202614.9316
Estonia,2010,229947.6221
Estonia,2011,192412.0345
Estonia,2012,193396.7296
Estonia,2013,210709.4417
Estonia,2014,214605.68029999998
Estonia,2015,208072.54489999998
Estonia,2016,263721.1573
Estonia,2017,272522.8984
Estonia,2018,298351.7054
Estonia,2019,256356.04940000002
Estonia,2020,231936.4833
Estonia,2021,227663.19939999998
Estonia,2022,228953.6699
Estonia,2030,4513.0055
Estonia,2050,4254.5166
Faroe Islands,1961,147.3971
Faroe Islands,1962,148.8145
Faroe Islands,1963,141.4562
Faroe Islands,1964,146.7683
Faroe Islands,1965,148.8832
Faroe Islands,1966,151.6941
Faroe Islands,1967,148.6259
Faroe Islands,1968,148.17409999999998
Faroe Islands,1969,145.4535
Faroe Islands,1970,148.7627
Faroe Islands,1971,140.5572
Faroe Islands,1972,147.2072
Faroe Islands,1973,146.9279
Faroe Islands,1974,146.195
Faroe Islands,1975,144.4635
Faroe Islands,1976,152.574
Faroe Islands,1977,153.1797
Faroe Islands,1978,152.7297
Faroe Islands,1979,146.0769
Faroe Islands,1980,143.9835
Faroe Islands,1981,140.679
Faroe Islands,1982,138.37630000000001
Faroe Islands,1983,139.2051
Faroe Islands,1984,139.794
Faroe Islands,1985,139.8111
Faroe Islands,1986,139.1196
Faroe Islands,1987,142.2904
Faroe Islands,1988,143.0692
Faroe Islands,1989,143.0692
Faroe Islands,1990,7673.317
Faroe Islands,1991,7552.8848
Faroe Islands,1992,7522.528
Faroe Islands,1993,7216.8148
Faroe Islands,1994,7379.4262
Faroe Islands,1995,7280.6623
Faroe Islands,1996,7413.4919
Faroe Islands,1997,7300.0446999999995
Faroe Islands,1998,7348.7092
Faroe Islands,1999,7335.9539
Faroe Islands,2000,7654.2747
Faroe Islands,2001,8118.2409
Faroe Islands,2002,7865.862099999999
Faroe Islands,2003,7783.8961
Faroe Islands,2004,7972.5472
Faroe Islands,2005,7873.2324
Faroe Islands,2006,7568.2695
Faroe Islands,2007,7554.1558
Faroe Islands,2008,7064.4016
Faroe Islands,2009,6912.8005
Faroe Islands,2010,7261.0024
Faroe Islands,2011,6959.8951
Faroe Islands,2012,7217.4068
Faroe Islands,2013,7575.3275
Faroe Islands,2014,7520.6944
Faroe Islands,2015,7703.6461
Faroe Islands,2016,7578.7351
Faroe Islands,2017,8153.105
Faroe Islands,2018,8199.9642
Faroe Islands,2019,7881.8786
Faroe Islands,2020,7793.8722
Faroe Islands,2021,8086.9751
Faroe Islands,2022,8071.6338
Faroe Islands,2030,96.181
Faroe Islands,2050,100.2347
Finland,1961,70452.3988
Finland,1962,74220.9437
Finland,1963,78039.82269999999
Finland,1964,81776.5083
Finland,1965,82372.3028
Finland,1966,85991.4968
Finland,1967,84613.844
Finland,1968,90029.6729
Finland,1969,92760.27040000001
Finland,1970,94580.58410000001
Finland,1971,94776.432
Finland,1972,97738.2662
Finland,1973,104812.669
Finland,1974,102778.196
Finland,1975,99279.1806
Finland,1976,102490.3468
Finland,1977,100406.4914
Finland,1978,103114.79740000001
Finland,1979,105627.00020000001
Finland,1980,109604.7312
Finland,1981,101540.5725
Finland,1982,93999.58080000001
Finland,1983,91046.1466
Finland,1984,90051.0154
Finland,1985,97185.5824
Finland,1986,100547.2202
Finland,1987,103959.9176
Finland,1988,96453.0375
Finland,1989,97057.8881
Finland,1990,504490.0121
Finland,1991,449332.58780000004
Finland,1992,424305.694
Finland,1993,450283.8094
Finland,1994,526519.5533
Finland,1995,495065.3137
Finland,1996,509780.0662
Finland,1997,529298.1296
Finland,1998,507318.0867
Finland,1999,506761.1309
Finland,2000,492877.7654
Finland,2001,766702.5658
Finland,2002,792541.5536
Finland,2003,847775.5137
Finland,2004,846100.9158
Finland,2005,738888.3248000001
Finland,2006,810901.229
Finland,2007,809254.2352
Finland,2008,739472.1856
Finland,2009,653480.1666
Finland,2010,776845.2609999999
Finland,2011,320964.5372
Finland,2012,269418.8324
Finland,2013,289636.6969
Finland,2014,275302.5908
Finland,2015,243805.9745
Finland,2016,692771.4445
Finland,2017,677927.1725
Finland,2018,719016.1823
Finland,2019,670227.5261
Finland,2020,666970.361
Finland,2021,689410.1604
Finland,2022,677469.6865
Finland,2030,17682.5953
Finland,2050,16801.4361
France,1961,801526.7596999999
France,1962,838793.6657
France,1963,872904.7096
France,1964,882267.8787
France,1965,894789.7426
France,1966,897426.5221
France,1967,942880.116
France,1968,968439.313
France,1969,990884.8661999999
France,1970,1029928.8751000001
France,1971,1060345.0665
France,1972,1085614.3204
France,1973,1148949.7195000001
France,1974,1135857.1994
France,1975,1090528.9497
France,1976,1157220.6833
France,1977,1129807.3984
France,1978,1162274.6846
France,1979,1197885.6661999999
France,1980,1176331.234
France,1981,1125027.3034
France,1982,1105651.6063
France,1983,1096934.4327
France,1984,1088192.3139
France,1985,1074351.1944
France,1986,1058895.998
France,1987,1027346.0236000001
France,1988,1010175.2749000001
France,1989,1028078.4395999999
France,1990,5054956.9017
France,1991,5241306.848
France,1992,5029477.5492
France,1993,4937323.4529
France,1994,4782861.4719
France,1995,4894531.3593
France,1996,5089145.9189
France,1997,4911847.7386
France,1998,5061707.6819
France,1999,5000387.8167
France,2000,5067825.8747000005
France,2001,4793890.2913
France,2002,4695230.2707
France,2003,4675806.1381
France,2004,4673548.7949
France,2005,4604028.5654
France,2006,4510645.1622
France,2007,4532224.6194
France,2008,4478585.1089
France,2009,4392634.701
France,2010,4448710.6339
France,2011,4396893.2608
France,2012,4375109.2681
France,2013,4338222.6031
France,2014,4162886.6057
France,2015,4247307.1009
France,2016,4209027.1851
France,2017,4257498.118
France,2018,4124591.0425
France,2019,4007300.6645
France,2020,3746740.8793
France,2021,3656199.6198
France,2022,3538832.5096
France,2030,310591.9887
France,2050,294769.5677
Germany,1961,1374993.2639000001
Germany,1962,1440872.8012
Germany,1963,1503172.476
Germany,1964,1528498.8994
Germany,1965,1527530.7415
Germany,1966,1528862.896
Germany,1967,1521224.057
Germany,1968,1577499.9536
Germany,1969,1652404.2367
Germany,1970,1634940.1088
Germany,1971,1646563.9363000002
Germany,1972,1653764.3034
Germany,1973,1700740.3121
Germany,1974,1688427.5392
Germany,1975,1626630.826
Germany,1976,1727039.2685
Germany,1977,1688622.7456
Germany,1978,1731177.4238
Germany,1979,1779572.0522000003
Germany,1980,1765242.6261999998
Germany,1981,1707731.8252
Germany,1982,1680163.9193
Germany,1983,1685575.7327
Germany,1984,1717448.1874
Germany,1985,1731576.7613
Germany,1986,1724373.3313
Germany,1987,1704514.4472999999
Germany,1988,1693333.3714
Germany,1989,1667773.4293
Germany,1990,9807338.9091
Germany,1991,9111806.5578
Germany,1992,8569321.7523
Germany,1993,8384450.8748
Germany,1994,8323667.6994
Germany,1995,8289465.7853
Germany,1996,8481221.0062
Germany,1997,8143211.7938
Germany,1998,8117669.3503
Germany,1999,7864400.811
Germany,2000,7935111.1251
Germany,2001,8262904.0726
Germany,2002,8082219.6963
Germany,2003,7995121.9801
Germany,2004,7916146.2402
Germany,2005,7761163.5596
Germany,2006,7819546.9783
Germany,2007,7642178.4156
Germany,2008,7524543.7371
Germany,2009,7071009.2072
Germany,2010,7358880.6908
Germany,2011,7075330.6153
Germany,2012,7097396.3474
Germany,2013,7222165.9957
Germany,2014,6988250.0132
Germany,2015,7006200.5638
Germany,2016,6969141.7785
Germany,2017,6885988.2692
Germany,2018,6706138.3817
Germany,2019,6424267.7096
Germany,2020,6026307.143300001
Germany,2021,6073756.2011
Germany,2022,5958871.3093
Germany,2030,239705.26440000001
Germany,2050,228015.8652
Greece,1961,76049.2111
Greece,1962,76167.7147
Greece,1963,78230.4504
Greece,1964,78825.9709
Greece,1965,81104.7744
Greece,1966,82741.0105
Greece,1967,85087.47810000001
Greece,1968,89119.77160000001
Greece,1969,91284.24710000001
Greece,1970,89064.8393
Greece,1971,91884.3573
Greece,1972,96906.64600000001
Greece,1973,106551.6189
Greece,1974,111409.5213
Greece,1975,114589.3363
Greece,1976,118406.7464
Greece,1977,120008.9322
Greece,1978,121515.6469
Greece,1979,124377.709
Greece,1980,122883.1085
Greece,1981,122896.8622
Greece,1982,123492.08840000001
Greece,1983,127186.6731
Greece,1984,128783.8553
Greece,1985,132910.533
Greece,1986,130704.6005
Greece,1987,133343.2311
Greece,1988,139911.5896
Greece,1989,145245.1805
Greece,1990,868630.0567
Greece,1991,867625.5208
Greece,1992,877793.1231
Greece,1993,862421.0666
Greece,1994,880076.2047
Greece,1995,880659.4739
Greece,1996,893947.2847
Greece,1997,915106.6437
Greece,1998,944360.4763
Greece,1999,937795.2092
Greece,2000,977437.8639
Greece,2001,983653.0248
Greece,2002,975230.5331
Greece,2003,1013452.6059
Greece,2004,1008740.4042999999
Greece,2005,1018404.8193
Greece,2006,1006510.4061
Greece,2007,1028818.7672
Greece,2008,1014603.6240000001
Greece,2009,972127.3347
Greece,2010,927389.9496
Greece,2011,913427.3084
Greece,2012,905833.3763
Greece,2013,846183.0235
Greece,2014,815578.5417000001
Greece,2015,778735.0947
Greece,2016,760496.2067
Greece,2017,772266.9488
Greece,2018,736637.0941999999
Greece,2019,709736.6063999999
Greece,2020,651415.3633
Greece,2021,641247.079
Greece,2022,642354.1571
Greece,2030,34257.9204
Greece,2050,32975.3196
Hungary,1961,116427.2944
Hungary,1962,120578.5879
Hungary,1963,124066.4421
Hungary,1964,134326.1114
Hungary,1965,136148.6384
Hungary,1966,133955.9901
Hungary,1967,134508.3789
Hungary,1968,141978.4439
Hungary,1969,141486.277
Hungary,1970,150358.1
Hungary,1971,152513.67680000002
Hungary,1972,152281.6885
Hungary,1973,158328.9322
Hungary,1974,164131.8501
Hungary,1975,166356.761
Hungary,1976,167295.2542
Hungary,1977,175620.0819
Hungary,1978,181999.1993
Hungary,1979,179957.786
Hungary,1980,179807.7776
Hungary,1981,179713.6591
Hungary,1982,184861.204
Hungary,1983,186509.9492
Hungary,1984,188853.9398
Hungary,1985,179379.2705
Hungary,1986,173601.4588
Hungary,1987,175399.9534
Hungary,1988,169394.7137
Hungary,1989,163819.1171
Hungary,1990,904191.1565
Hungary,1991,847019.4706
Hungary,1992,743450.8671
Hungary,1993,736022.6092000001
Hungary,1994,712494.1116
Hungary,1995,707772.0828
Hungary,1996,752093.4025
Hungary,1997,740352.6399
Hungary,1998,717570.1058
Hungary,1999,726314.6287
Hungary,2000,709767.5164000001
Hungary,2001,721085.8025
Hungary,2002,731039.2088
Hungary,2003,735021.2781
Hungary,2004,735473.3613
Hungary,2005,710743.4239
Hungary,2006,712719.2657
Hungary,2007,701965.3746
Hungary,2008,690567.2113
Hungary,2009,637277.2381
Hungary,2010,647460.8069
Hungary,2011,634215.69
Hungary,2012,606892.595
Hungary,2013,603974.954
Hungary,2014,602055.4811
Hungary,2015,616781.156
Hungary,2016,648506.668
Hungary,2017,667547.6992
Hungary,2018,674838.5976
Hungary,2019,669216.6165
Hungary,2020,676758.4641
Hungary,2021,664681.7574
Hungary,2022,625700.4395999999
Hungary,2030,25280.2182
Hungary,2050,24564.869
Iceland,1961,6213.4671
Iceland,1962,6504.6795
Iceland,1963,6608.6858
Iceland,1964,6637.0641
Iceland,1965,6856.1337
Iceland,1966,7242.2266
Iceland,1967,7210.6982
Iceland,1968,7375.3559000000005
Iceland,1969,7059.7778
Iceland,1970,6969.3795
Iceland,1971,7052.814899999999
Iceland,1972,7447.7186
Iceland,1973,8128.3033
Iceland,1974,8135.644
Iceland,1975,8009.056
Iceland,1976,8117.0926
Iceland,1977,8407.2811
Iceland,1978,8514.3783
Iceland,1979,8580.0373
Iceland,1980,8029.7359
Iceland,1981,7969.5344000000005
Iceland,1982,7445.9624
Iceland,1983,7451.4938
Iceland,1984,7876.9513
Iceland,1985,7634.8913
Iceland,1986,7627.145399999999
Iceland,1987,7478.3646
Iceland,1988,7474.0954
Iceland,1989,7549.4394999999995
Iceland,1990,71395.9144
Iceland,1991,70283.7437
Iceland,1992,64379.4832
Iceland,1993,66334.9854
Iceland,1994,66587.7023
Iceland,1995,65199.080200000004
Iceland,1996,68047.2743
Iceland,1997,67521.2332
Iceland,1998,67826.4335
Iceland,1999,67898.9908
Iceland,2000,68043.1001
Iceland,2001,67483.2415
Iceland,2002,69149.1074
Iceland,2003,68811.7932
Iceland,2004,68500.7009
Iceland,2005,68498.0132
Iceland,2006,69490.1673
Iceland,2007,72574.0657
Iceland,2008,73826.8352
Iceland,2009,73881.3695
Iceland,2010,72657.6064
Iceland,2011,71454.7216
Iceland,2012,71126.3065
Iceland,2013,72273.4183
Iceland,2014,71974.5053
Iceland,2015,73390.0765
Iceland,2016,71905.9795
Iceland,2017,71649.6793
Iceland,2018,71057.7355
Iceland,2019,70533.5063
Iceland,2020,57700.8191
Iceland,2021,58232.6617
Iceland,2022,60918.7723
Iceland,2030,2161.6004
Iceland,2050,2248.6431000000002
Ireland,1961,103547.27900000001
Ireland,1962,103928.8492
Ireland,1963,105711.4324
Ireland,1964,107989.7908
Ireland,1965,111520.8326
Ireland,1966,119872.2324
Ireland,1967,123390.5259
Ireland,1968,124617.0515
Ireland,1969,126224.9322
Ireland,1970,129049.62299999999
Ireland,1971,136012.8528
Ireland,1972,136057.3205
Ireland,1973,143857.6513
Ireland,1974,151658.9472
Ireland,1975,151356.1617
Ireland,1976,147686.0479
Ireland,1977,152808.2099
Ireland,1978,155283.6567
Ireland,1979,157732.4919
Ireland,1980,158195.0286
Ireland,1981,152154.8633
Ireland,1982,152375.799
Ireland,1983,155443.3313
Ireland,1984,156821.1729
Ireland,1985,158735.751
Ireland,1986,162053.2356
Ireland,1987,160403.2121
Ireland,1988,160549.4471
Ireland,1989,163479.2026
Ireland,1990,921111.8478
Ireland,1991,925148.4928
Ireland,1992,925529.1159
Ireland,1993,937591.6815
Ireland,1994,954964.6945
Ireland,1995,963700.4183
Ireland,1996,976836.6950000001
Ireland,1997,992590.7842999999
Ireland,1998,1023885.6087
Ireland,1999,1048170.2829999999
Ireland,2000,1070988.5758
Ireland,2001,1090178.5591
Ireland,2002,1077960.3301
Ireland,2003,1073536.5372
Ireland,2004,1057131.2571999999
Ireland,2005,1048097.3954
Ireland,2006,1042457.3824
Ireland,2007,1028312.45
Ireland,2008,1009548.9656
Ireland,2009,989119.6417
Ireland,2010,969988.795
Ireland,2011,934371.5612
Ireland,2012,957791.3816
Ireland,2013,958034.3497
Ireland,2014,959867.2966
Ireland,2015,980316.6336
Ireland,2016,1008729.5941999999
Ireland,2017,1011820.9147000001
Ireland,2018,965391.4580999999
Ireland,2019,947799.6648
Ireland,2020,928635.7171
Ireland,2021,859948.2130999999
Ireland,2022,851799.7079
Ireland,2030,86449.2809
Ireland,2050,81094.8332
Italy,1961,403511.0697
Italy,1962,424885.72990000003
Italy,1963,436472.8765
Italy,1964,441389.1609
Italy,1965,470665.8642
Italy,1966,500890.2207
Italy,1967,526885.0315
Italy,1968,546987.5366999999
Italy,1969,583276.9238999999
Italy,1970,608051.3093999999
Italy,1971,606408.7859
Italy,1972,624604.3203
Italy,1973,653627.1331000001
Italy,1974,651572.3555999999
Italy,1975,631237.9717
Italy,1976,661534.7667
Italy,1977,658582.598
Italy,1978,689031.2289
Italy,1979,708701.2029
Italy,1980,707938.1182
Italy,1981,694596.1746
Italy,1982,685389.7542
Italy,1983,665408.3628
Italy,1984,697955.3604
Italy,1985,705758.1908
Italy,1986,697137.9765
Italy,1987,714840.9378
Italy,1988,716093.4599
Italy,1989,730263.7548
Italy,1990,4237471.4718
Italy,1991,4197995.7705
Italy,1992,4169267.2333
Italy,1993,4131294.9935999997
Italy,1994,4022117.3745
Italy,1995,4186013.1419
Italy,1996,4152566.1829
Italy,1997,4223741.5061
Italy,1998,4306774.3045
Italy,1999,4338859.0644
Italy,2000,4411800.8576
Italy,2001,4292687.1338
Italy,2002,4343828.525
Italy,2003,4484779.4657000005
Italy,2004,4446238.8758
Italy,2005,4412379.9913
Italy,2006,4333624.243100001
Italy,2007,4374409.1246
Italy,2008,4195596.1904
Italy,2009,3819448.6133
Italy,2010,3818116.7749
Italy,2011,3764220.5668
Italy,2012,3627795.7512000003
Italy,2013,3377433.1057
Italy,2014,3209788.3425
Italy,2015,3292610.4949
Italy,2016,3409982.2676
Italy,2017,3474952.5179
Italy,2018,3361809.3952
Italy,2019,3277428.8196
Italy,2020,3146407.8108
Italy,2021,3308159.9402
Italy,2022,3322840.8275
Italy,2030,138899.31889999998
Italy,2050,132648.7319
Latvia,1992,118662.9891
Latvia,1993,83381.8965
Latvia,1994,33280.278000000006
Latvia,1995,20952.898199999996
Latvia,1996,19285.797399999996
Latvia,1997,23113.025599999994
Latvia,1998,24838.422299999995
Latvia,1999,33789.1499
Latvia,2000,18704.5979
Latvia,2001,10383.388999999997
Latvia,2002,15886.212099999995
Latvia,2003,23651.123900000002
Latvia,2004,38493.090099999994
Latvia,2005,43271.9733
Latvia,2006,44962.9062
Latvia,2007,51231.1619
Latvia,2008,47142.6183
Latvia,2009,53762.200800000006
Latvia,2010,69591.8873
Latvia,2011,157282.42859999998
Latvia,2012,153973.1626
Latvia,2013,158205.2338
Latvia,2014,173213.2876
Latvia,2015,169431.8104
Latvia,2016,160741.1773
Latvia,2017,153881.1279
Latvia,2018,161368.1782
Latvia,2019,158663.0132
Latvia,2020,165754.6194
Latvia,2021,161869.932
Latvia,2022,157411.6991
Latvia,2030,7223.297500000001
Latvia,2050,6816.9064
Lithuania,1992,481843.5655
Lithuania,1993,404905.0174
Lithuania,1994,384186.4593
Lithuania,1995,374142.20889999997
Lithuania,1996,403385.469
Lithuania,1997,394924.2594
Lithuania,1998,369589.7818
Lithuania,1999,347461.7943
Lithuania,2000,322511.9843
Lithuania,2001,330167.3203
Lithuania,2002,335630.9883
Lithuania,2003,341681.4391
Lithuania,2004,347678.5703
Lithuania,2005,360670.7679
Lithuania,2006,356409.2303
Lithuania,2007,373416.1823
Lithuania,2008,368396.4486
Lithuania,2009,338575.4927
Lithuania,2010,337339.1573
Lithuania,2011,310204.3102
Lithuania,2012,315653.2985
Lithuania,2013,315591.7614
Lithuania,2014,326752.7219
Lithuania,2015,335989.1493
Lithuania,2016,366644.165
Lithuania,2017,376561.5219
Lithuania,2018,361932.5843
Lithuania,2019,371232.2493
Lithuania,2020,380192.0869
Lithuania,2021,367735.4851
Lithuania,2022,354368.2446
Lithuania,2030,16478.120600000002
Lithuania,2050,15594.2794
Luxembourg,2000,67400.9549
Luxembourg,2001,70693.7706
Luxembourg,2002,75447.68669999999
Luxembourg,2003,77817.9674
Luxembourg,2004,86658.87359999999
Luxembourg,2005,88275.5735
Luxembourg,2006,86700.1363
Luxembourg,2007,84818.461
Luxembourg,2008,84263.4127
Luxembourg,2009,80909.90400000001
Luxembourg,2010,86183.9363
Luxembourg,2011,86539.3322
Luxembourg,2012,84226.0696
Luxembourg,2013,80477.5227
Luxembourg,2014,78410.0518
Luxembourg,2015,75494.9173
Luxembourg,2016,73549.4021
Luxembourg,2017,75455.28229999999
Luxembourg,2018,77781.2539
Luxembourg,2019,78817.7697
Luxembourg,2020,68217.3621
Luxembourg,2021,69112.6627
Luxembourg,2022,63193.686200000004
Luxembourg,2030,2470.6071
Luxembourg,2050,2322.2916
Malta,1961,680.0688
Malta,1962,708.6402
Malta,1963,770.3357
Malta,1964,875.3067
Malta,1965,839.3503
Malta,1966,830.2336
Malta,1967,957.5558
Malta,1968,1094.5069
Malta,1969,1128.5507
Malta,1970,1120.147
Malta,1971,1133.5294
Malta,1972,1297.1652
Malta,1973,1263.1558
Malta,1974,1205.2247
Malta,1975,1140.2985
Malta,1976,1308.9371
Malta,1977,1387.95
Malta,1978,1500.9037
Malta,1979,1438.6181000000001
Malta,1980,1533.2083
Malta,1981,1611.2356
Malta,1982,1821.3538
Malta,1983,1606.665
Malta,1984,2069.9168999999997
Malta,1985,1950.1675
Malta,1986,2267.5065
Malta,1987,2674.163
Malta,1988,2852.804
Malta,1989,3036.7637999999997
Malta,1990,19011.3057
Malta,1991,18541.1496
Malta,1992,18667.951399999998
Malta,1993,22595.4552
Malta,1994,21010.6528
Malta,1995,19763.4865
Malta,1996,19403.1298
Malta,1997,21401.8165
Malta,1998,19345.9592
Malta,1999,20809.4085
Malta,2000,19347.3115
Malta,2001,21909.927900000002
Malta,2002,20830.8931
Malta,2003,22907.7727
Malta,2004,23105.5775
Malta,2005,23859.0512
Malta,2006,23939.3243
Malta,2007,25157.6064
Malta,2008,24642.4119
Malta,2009,24146.7052
Malta,2010,25162.0619
Malta,2011,25371.0114
Malta,2012,26297.4128
Malta,2013,24307.0512
Malta,2014,24634.7393
Malta,2015,20615.4334
Malta,2016,19065.435100000002
Malta,2017,16920.1556
Malta,2018,16786.9443
Malta,2019,17452.4318
Malta,2020,17056.5787
Malta,2021,20449.4821
Malta,2022,20565.4343
Malta,2030,487.9457
Malta,2050,463.4003
Montenegro,2006,-5506.111999999999
Montenegro,2007,-5736.603699999999
Montenegro,2008,-2955.5603999999976
Montenegro,2009,-11016.429399999997
Montenegro,2010,-5494.268199999999
Montenegro,2011,29058.6922
Montenegro,2012,30016.6145
Montenegro,2013,28586.5881
Montenegro,2014,28625.555
Montenegro,2015,30199.8544
Montenegro,2016,28717.3417
Montenegro,2017,29830.9975
Montenegro,2018,30956.946
Montenegro,2019,31140.1663
Montenegro,2020,29995.0517
Montenegro,2021,28958.0415
Montenegro,2022,28960.1224
Montenegro,2030,2314.4768
Montenegro,2050,2299.0854
Netherlands (Kingdom of the),1961,183869.3861
Netherlands (Kingdom of the),1962,198157.3635
Netherlands (Kingdom of the),1963,204869.14359999998
Netherlands (Kingdom of the),1964,209232.8072
Netherlands (Kingdom of the),1965,218048.6707
Netherlands (Kingdom of the),1966,229176.1708
Netherlands (Kingdom of the),1967,235437.25300000003
Netherlands (Kingdom of the),1968,245396.2991
Netherlands (Kingdom of the),1969,245934.3923
Netherlands (Kingdom of the),1970,275619.623
Netherlands (Kingdom of the),1971,272129.8412
Netherlands (Kingdom of the),1972,296215.6378
Netherlands (Kingdom of the),1973,315082.3067
Netherlands (Kingdom of the),1974,322946.1784
Netherlands (Kingdom of the),1975,319652.3906
Netherlands (Kingdom of the),1976,338363.4454
Netherlands (Kingdom of the),1977,335300.11439999996
Netherlands (Kingdom of the),1978,347923.0175
Netherlands (Kingdom of the),1979,372236.0075
Netherlands (Kingdom of the),1980,370668.178
Netherlands (Kingdom of the),1981,360853.3869
Netherlands (Kingdom of the),1982,329776.3675
Netherlands (Kingdom of the),1983,339741.6971
Netherlands (Kingdom of the),1984,351742.2041
Netherlands (Kingdom of the),1985,354363.4907
Netherlands (Kingdom of the),1986,351170.5355
Netherlands (Kingdom of the),1987,354849.73949999997
Netherlands (Kingdom of the),1988,345069.2724
Netherlands (Kingdom of the),1989,363264.2141
Netherlands (Kingdom of the),1990,2382910.1807
Netherlands (Kingdom of the),1991,2431589.5283
Netherlands (Kingdom of the),1992,2374411.4513
Netherlands (Kingdom of the),1993,2346806.9363
Netherlands (Kingdom of the),1994,2324250.7662
Netherlands (Kingdom of the),1995,2362986.3339
Netherlands (Kingdom of the),1996,2402346.6618
Netherlands (Kingdom of the),1997,2350417.2504
Netherlands (Kingdom of the),1998,2349839.3837
Netherlands (Kingdom of the),1999,2316557.0711000003
Netherlands (Kingdom of the),2000,2318890.3774
Netherlands (Kingdom of the),2001,2315652.5389
Netherlands (Kingdom of the),2002,2260443.0938999997
Netherlands (Kingdom of the),2003,2238201.1993
Netherlands (Kingdom of the),2004,2268365.4172
Netherlands (Kingdom of the),2005,2232212.3977
Netherlands (Kingdom of the),2006,2200822.6308
Netherlands (Kingdom of the),2007,2184760.8512
Netherlands (Kingdom of the),2008,2153338.6078
Netherlands (Kingdom of the),2009,2093869.2084
Netherlands (Kingdom of the),2010,2187279.0687
Netherlands (Kingdom of the),2011,2069696.2876
Netherlands (Kingdom of the),2012,2081730.6352000001
Netherlands (Kingdom of the),2013,2082921.7979
Netherlands (Kingdom of the),2014,2052076.5577
Netherlands (Kingdom of the),2015,2076636.4547000001
Netherlands (Kingdom of the),2016,2077573.1770000001
Netherlands (Kingdom of the),2017,2078202.6361
Netherlands (Kingdom of the),2018,2042788.7258000001
Netherlands (Kingdom of the),2019,1946970.5635
Netherlands (Kingdom of the),2020,1849069.6436
Netherlands (Kingdom of the),2021,1797372.4393
Netherlands (Kingdom of the),2022,1722207.4497
Netherlands (Kingdom of the),2030,71654.2165
Netherlands (Kingdom of the),2050,67786.5916
North Macedonia,1992,108127.5717
North Macedonia,1993,103666.1257
North Macedonia,1994,112171.6978
North Macedonia,1995,108135.91840000001
North Macedonia,1996,117294.6979
North Macedonia,1997,106928.0805
North Macedonia,1998,111985.9172
North Macedonia,1999,103358.34969999999
North Macedonia,2000,104383.213
North Macedonia,2001,99519.4113
North Macedonia,2002,93926.2858
North Macedonia,2003,104268.4829
North Macedonia,2004,108272.31640000001
North Macedonia,2005,108854.9296
North Macedonia,2006,109075.544
North Macedonia,2007,115019.6986
North Macedonia,2008,113796.516
North Macedonia,2009,103074.1439
North Macedonia,2010,101564.064
North Macedonia,2011,108119.5497
North Macedonia,2012,103592.3612
North Macedonia,2013,96834.0194
North Macedonia,2014,92831.74220000001
North Macedonia,2015,93275.583
North Macedonia,2016,92513.5335
North Macedonia,2017,95940.3545
North Macedonia,2018,92178.5769
North Macedonia,2019,97173.0946
North Macedonia,2020,91857.5072
North Macedonia,2021,90499.3841
North Macedonia,2022,94325.8554
North Macedonia,2030,6554.1565
North Macedonia,2050,6454.1900000000005
Norway,1961,60671.1745
Norway,1962,62437.0624
Norway,1963,61384.0507
Norway,1964,63258.8079
Norway,1965,64225.2644
Norway,1966,67407.7216
Norway,1967,66277.1939
Norway,1968,68193.8369
Norway,1969,70082.4674
Norway,1970,72503.2051
Norway,1971,71973.9485
Norway,1972,79813.22379999999
Norway,1973,82386.9396
Norway,1974,79310.87950000001
Norway,1975,78173.12389999999
Norway,1976,78320.777
Norway,1977,75441.59909999999
Norway,1978,80059.0288
Norway,1979,81036.4014
Norway,1980,84248.1661
Norway,1981,86835.8199
Norway,1982,85505.5018
Norway,1983,81711.1455
Norway,1984,86682.48449999999
Norway,1985,86184.4743
Norway,1986,91309.0307
Norway,1987,84693.7625
Norway,1988,87100.8143
Norway,1989,95680.6608
Norway,1990,406122.8072
Norway,1991,404869.1921
Norway,1992,391916.4282
Norway,1993,409016.0976
Norway,1994,422608.6766
Norway,1995,404607.7522
Norway,1996,422256.9199
Norway,1997,449621.9557
Norway,1998,449913.8889
Norway,1999,460063.5478
Norway,2000,453554.7598
Norway,2001,400202.1787
Norway,2002,377605.268
Norway,2003,424891.6361
Norway,2004,451799.53359999997
Norway,2005,453526.8692
Norway,2006,450662.061
Norway,2007,408508.52489999996
Norway,2008,474059.7304
Norway,2009,445208.7105
Norway,2010,463659.3468
Norway,2011,413662.9442
Norway,2012,463638.0313
Norway,2013,485779.3627
Norway,2014,429992.6408
Norway,2015,462779.7761
Norway,2016,427009.1272
Norway,2017,451109.0844
Norway,2018,445411.25549999997
Norway,2019,389611.2707
Norway,2020,426546.76529999997
Norway,2021,464429.8706
Norway,2022,463269.2019
Norway,2030,19355.418700000002
Norway,2050,20159.774100000002
Poland,1961,468884.6724
Poland,1962,485355.34729999996
Poland,1963,503264.2553
Poland,1964,519917.2383
Poland,1965,527674.4889
Poland,1966,545197.0055999999
Poland,1967,563595.8233
Poland,1968,588775.4908
Poland,1969,613692.801
Poland,1970,625862.6699
Poland,1971,645070.4467
Poland,1972,671865.3361000001
Poland,1973,698963.9173999999
Poland,1974,727866.0952
Poland,1975,761780.6755
Poland,1976,775993.3029
Poland,1977,800156.4592
Poland,1978,822548.628
Poland,1979,829418.8883999999
Poland,1980,846909.7124000001
Poland,1981,763803.3685
Poland,1982,779874.7222
Poland,1983,769695.8263
Poland,1984,779185.6838
Poland,1985,791551.4404
Poland,1986,799589.6971
Poland,1987,798790.4747
Poland,1988,781774.2528
Poland,1989,762830.7726
Poland,1990,4406835.4571
Poland,1991,4252911.3193
Poland,1992,4198251.9431
Poland,1993,4127414.0739
Poland,1994,3991633.4499
Poland,1995,4009490.7985
Poland,1996,4001615.608
Poland,1997,3995606.241
Poland,1998,3691271.6605
Poland,1999,3579873.4585
Poland,2000,3469140.1082
Poland,2001,3023223.8959999997
Poland,2002,2936843.3609
Poland,2003,2958162.7268
Poland,2004,2909316.0344000002
Poland,2005,2938850.1418
Poland,2006,3063850.5396000003
Poland,2007,3069401.3992
Poland,2008,3057594.6927
Poland,2009,2896504.491
Poland,2010,3061710.6952
Poland,2011,3381256.8449999997
Poland,2012,3303827.9049
Poland,2013,3296307.1993
Poland,2014,3213981.8044000003
Poland,2015,3244009.6199000003
Poland,2016,3271630.3631
Poland,2017,3375099.6787
Poland,2018,3364642.4063
Poland,2019,3310998.4301
Poland,2020,3241674.5593
Poland,2021,3275844.4601
Poland,2022,3184205.1613000003
Poland,2030,114944.576
Poland,2050,109672.2891
Portugal,1961,56082.4418
Portugal,1962,55992.8292
Portugal,1963,58334.6
Portugal,1964,60700.1383
Portugal,1965,60420.1384
Portugal,1966,59736.1012
Portugal,1967,61468.3983
Portugal,1968,61907.872
Portugal,1969,65613.6114
Portugal,1970,65065.9234
Portugal,1971,66026.4921
Portugal,1972,70370.6335
Portugal,1973,72461.7391
Portugal,1974,69615.0711
Portugal,1975,70656.4969
Portugal,1976,69304.7837
Portugal,1977,74212.9733
Portugal,1978,77805.5483
Portugal,1979,81373.8257
Portugal,1980,84903.8867
Portugal,1981,86975.4628
Portugal,1982,91072.7333
Portugal,1983,88083.59270000001
Portugal,1984,82293.6236
Portugal,1985,81677.0903
Portugal,1986,86693.3755
Portugal,1987,86417.8981
Portugal,1988,88031.1461
Portugal,1989,96111.7988
Portugal,1990,592984.2547
Portugal,1991,593484.7396
Portugal,1992,601796.9664
Portugal,1993,582001.5329
Portugal,1994,595400.7923
Portugal,1995,612539.196
Portugal,1996,608937.2285
Portugal,1997,626914.284
Portugal,1998,662112.3746
Portugal,1999,708835.6316
Portugal,2000,715839.4108
Portugal,2001,652506.7244
Portugal,2002,688291.4764
Portugal,2003,684387.4476
Portugal,2004,681601.1987
Portugal,2005,721060.4902
Portugal,2006,658882.9118
Portugal,2007,646331.4209
Portugal,2008,616963.994
Portugal,2009,600217.6
Portugal,2010,573025.1422
Portugal,2011,556390.9656
Portugal,2012,548735.6383999999
Portugal,2013,541207.1048
Portugal,2014,539391.1197
Portugal,2015,573467.5955
Portugal,2016,583089.1588
Portugal,2017,658940.2991
Portugal,2018,588989.8151
Portugal,2019,563598.7542
Portugal,2020,555404.879
Portugal,2021,518245.7127
Portugal,2022,528448.3784
Portugal,2030,27745.2925
Portugal,2050,26328.839500000002
Republic of Moldova,1992,259809.2116
Republic of Moldova,1993,215721.6753
Republic of Moldova,1994,191526.4533
Republic of Moldova,1995,183630.228
Republic of Moldova,1996,181786.1059
Republic of Moldova,1997,143277.0992
Republic of Moldova,1998,120414.91500000001
Republic of Moldova,1999,102180.8471
Republic of Moldova,2000,90496.6086
Republic of Moldova,2001,92592.6051
Republic of Moldova,2002,95441.9311
Republic of Moldova,2003,96110.21919999999
Republic of Moldova,2004,100444.4871
Republic of Moldova,2005,99095.4987
Republic of Moldova,2006,97775.1108
Republic of Moldova,2007,89504.8564
Republic of Moldova,2008,95652.0943
Republic of Moldova,2009,85228.3647
Republic of Moldova,2010,92832.3423
Republic of Moldova,2011,96522.04980000001
Republic of Moldova,2012,88315.0494
Republic of Moldova,2013,97672.1988
Republic of Moldova,2014,90361.4468
Republic of Moldova,2015,87956.57
Republic of Moldova,2016,96240.601
Republic of Moldova,2017,100552.2164
Republic of Moldova,2018,103641.4595
Republic of Moldova,2019,101255.9055
Republic of Moldova,2020,97559.8059
Republic of Moldova,2021,103391.0201
Republic of Moldova,2022,98899.0092
Republic of Moldova,2030,8204.1012
Republic of Moldova,2050,8407.1057
Romania,1961,203894.1273
Romania,1962,203848.6686
Romania,1963,207089.2291
Romania,1964,211554.0373
Romania,1965,225919.5073
Romania,1966,238231.5171
Romania,1967,257223.9916
Romania,1968,270205.7589
Romania,1969,280445.2638
Romania,1970,287926.7848
Romania,1971,305067.7414
Romania,1972,317501.1695
Romania,1973,336534.2678
Romania,1974,346432.3284
Romania,1975,371593.3754
Romania,1976,382289.5954
Romania,1977,391184.3286
Romania,1978,417744.4538
Romania,1979,425366.7693
Romania,1980,419815.46640000003
Romania,1981,433833.7436
Romania,1982,434909.8916
Romania,1983,438342.3738
Romania,1984,442636.3687
Romania,1985,453779.50960000005
Romania,1986,445519.1616
Romania,1987,454468.9084
Romania,1988,452464.31850000005
Romania,1989,451363.7466
Romania,1990,2090664.7608999999
Romania,1991,1707519.0669
Romania,1992,1564788.5357
Romania,1993,1476698.9520999999
Romania,1994,1397260.454
Romania,1995,1431353.8549000002
Romania,1996,1425689.56
Romania,1997,1323044.4103
Romania,1998,1187825.8603
Romania,1999,1084622.1157
Romania,2000,1085522.129
Romania,2001,1089350.9903
Romania,2002,1095561.4283
Romania,2003,1124574.0206
Romania,2004,1126009.8043
Romania,2005,1116921.6044
Romania,2006,1155895.5122
Romania,2007,1152685.1872
Romania,2008,1114286.5802
Romania,2009,978610.1105000001
Romania,2010,956651.806
Romania,2011,-1274121.6394
Romania,2012,-1312438.5829
Romania,2013,-1338021.9767999998
Romania,2014,-1342005.9135
Romania,2015,-1339926.2184
Romania,2016,769922.0233
Romania,2017,820427.4512
Romania,2018,847611.2623000001
Romania,2019,821921.5422
Romania,2020,834376.1461
Romania,2021,846154.341
Romania,2022,798546.1386
Romania,2030,68393.7543
Romania,2050,65175.7221
Russian Federation,1992,19099189.4943
Russian Federation,1993,17724451.921
Russian Federation,1994,15307474.1753
Russian Federation,1995,14147764.7087
Russian Federation,1996,13419767.7049
Russian Federation,1997,12048927.8789
Russian Federation,1998,11326248.5041
Russian Federation,1999,11306471.427000001
Russian Federation,2000,11273019.5582
Russian Federation,2001,7618309.851899999
Russian Federation,2002,7467410.3967
Russian Federation,2003,7841521.0017
Russian Federation,2004,7908900.1092
Russian Federation,2005,7951384.6086
Russian Federation,2006,8192980.2485
Russian Federation,2007,8241243.834400001
Russian Federation,2008,8587298.5236
Russian Federation,2009,7219546.1994
Russian Federation,2010,7795621.4915
Russian Federation,2011,9597138.9506
Russian Federation,2012,9727668.7739
Russian Federation,2013,9397714.651700001
Russian Federation,2014,9494825.8156
Russian Federation,2015,9550826.040399998
Russian Federation,2016,10999326.0513
Russian Federation,2017,11525143.8556
Russian Federation,2018,12627004.4264
Russian Federation,2019,12400080.1772
Russian Federation,2020,13391028.218
Russian Federation,2021,14962833.006
Russian Federation,2022,15503249.5753
Russian Federation,2030,410322.72860000003
Russian Federation,2050,420004.0327
Serbia,2006,320670.3142
Serbia,2007,323633.8293
Serbia,2008,297869.0759
Serbia,2009,267513.9089
Serbia,2010,260791.6438
Serbia,2011,561944.9982
Serbia,2012,534905.93
Serbia,2013,537786.2257000001
Serbia,2014,469386.55210000003
Serbia,2015,515061.9942
Serbia,2016,580013.8183
Serbia,2017,573787.0302
Serbia,2018,553524.0216
Serbia,2019,556732.7936
Serbia,2020,574498.7254
Serbia,2021,553573.4891
Serbia,2022,569462.5311
Serbia,2030,34755.0741
Serbia,2050,35143.7167
Serbia and Montenegro,1992,495283.482
Serbia and Montenegro,1993,449633.80960000004
Serbia and Montenegro,1994,437398.723
Serbia and Montenegro,1995,469956.6165
Serbia and Montenegro,1996,518701.7448
Serbia and Montenegro,1997,551972.1946
Serbia and Montenegro,1998,562298.6409
Serbia and Montenegro,1999,437677.9969
Serbia and Montenegro,2000,478098.29850000003
Serbia and Montenegro,2001,215311.12589999998
Serbia and Montenegro,2002,233317.1108
Serbia and Montenegro,2003,246437.05499999996
Serbia and Montenegro,2004,297894.436
Serbia and Montenegro,2005,226097.5664
Slovakia,1993,332262.803
Slovakia,1994,307193.222
Slovakia,1995,316397.1709
Slovakia,1996,317649.3267
Slovakia,1997,312185.0267
Slovakia,1998,295128.3925
Slovakia,1999,279692.7918
Slovakia,2000,258266.3634
Slovakia,2001,288430.7388
Slovakia,2002,286417.0455
Slovakia,2003,286928.1148
Slovakia,2004,287742.6883
Slovakia,2005,300969.51170000003
Slovakia,2006,288806.7538
Slovakia,2007,273614.4065
Slovakia,2008,284969.5939
Slovakia,2009,256086.567
Slovakia,2010,277031.3944
Slovakia,2011,269725.0727
Slovakia,2012,250166.9348
Slovakia,2013,250371.3917
Slovakia,2014,242464.73950000003
Slovakia,2015,244510.0785
Slovakia,2016,306612.02280000004
Slovakia,2017,315755.9345
Slovakia,2018,317234.9657
Slovakia,2019,295521.1394
Slovakia,2020,288733.14890000003
Slovakia,2021,318195.6081
Slovakia,2022,295643.6275
Slovakia,2030,10329.4646
Slovakia,2050,9871.9001
Slovenia,1992,62540.3571
Slovenia,1993,64736.013699999996
Slovenia,1994,63905.5263
Slovenia,1995,68675.705
Slovenia,1996,69845.3219
Slovenia,1997,76803.67989999999
Slovenia,1998,71895.8122
Slovenia,1999,69682.30099999999
Slovenia,2000,64846.605
Slovenia,2001,53872.2053
Slovenia,2002,52723.4553
Slovenia,2003,54201.3234
Slovenia,2004,54894.6498
Slovenia,2005,55536.0289
Slovenia,2006,57276.55009999999
Slovenia,2007,55959.0334
Slovenia,2008,62122.058300000004
Slovenia,2009,45972.847599999994
Slovenia,2010,46617.4777
Slovenia,2011,129522.5526
Slovenia,2012,125867.6674
Slovenia,2013,126798.1698
Slovenia,2014,140827.19449999998
Slovenia,2015,142841.02850000001
Slovenia,2016,161349.1255
Slovenia,2017,166855.1231
Slovenia,2018,166213.9443
Slovenia,2019,149641.8415
Slovenia,2020,141854.8199
Slovenia,2021,143506.2549
Slovenia,2022,138774.4759
Slovenia,2030,6790.7868
Slovenia,2050,6403.4551
Spain,1961,241294.47
Spain,1962,247896.6472
Spain,1963,243927.8372
Spain,1964,249420.8259
Spain,1965,252851.55049999998
Spain,1966,262997.0336
Spain,1967,278866.4909
Spain,1968,297738.9526
Spain,1969,305648.0293
Spain,1970,326526.27640000003
Spain,1971,343873.6347
Spain,1972,360426.90839999996
Spain,1973,379469.5694
Spain,1974,392935.0885
Spain,1975,401805.5911
Spain,1976,424924.3661
Spain,1977,423144.4132
Spain,1978,435033.96599999996
Spain,1979,435311.23829999997
Spain,1980,450105.87299999996
Spain,1981,435867.0907
Spain,1982,456097.5528
Spain,1983,445511.5634
Spain,1984,451241.5575
Spain,1985,454916.24179999996
Spain,1986,456394.74669999996
Spain,1987,451921.4933
Spain,1988,486100.9835
Spain,1989,507218.6556
Spain,1990,2252174.5516
Spain,1991,2307034.3952
Spain,1992,2330386.3069
Spain,1993,2225190.4037
Spain,1994,2338271.2098
Spain,1995,2386494.2907
Spain,1996,2400752.875
Spain,1997,2569214.0663
Spain,1998,2668701.576
Spain,1999,2819337.2587
Spain,2000,2942263.6511999997
Spain,2001,3144758.3525
Spain,2002,3280358.1821999997
Spain,2003,3394289.3315
Spain,2004,3508236.5868
Spain,2005,3499097.9787
Spain,2006,3454577.8721000003
Spain,2007,3573410.5324
Spain,2008,3303099.3875
Spain,2009,3050492.2394
Spain,2010,2945598.9856000002
Spain,2011,3016437.9979
Spain,2012,2975004.3114
Spain,2013,2802089.1815
Spain,2014,2813633.5344000002
Spain,2015,2881256.209
Spain,2016,2791080.1085
Spain,2017,2934910.7287999997
Spain,2018,2886937.3993
Spain,2019,2751760.3255000003
Spain,2020,2585717.2036
Spain,2021,2595885.8153
Spain,2022,2632159.8539
Spain,2030,168589.1679
Spain,2050,162055.77049999998
Sweden,1961,122748.6498
Sweden,1962,123940.2852
Sweden,1963,125234.21429999999
Sweden,1964,128316.7202
Sweden,1965,128448.7264
Sweden,1966,136307.95930000002
Sweden,1967,131416.0884
Sweden,1968,139935.1297
Sweden,1969,148091.8002
Sweden,1970,152199.8712
Sweden,1971,143472.33589999998
Sweden,1972,143783.5829
Sweden,1973,149210.6351
Sweden,1974,141588.4583
Sweden,1975,141836.1473
Sweden,1976,149418.9132
Sweden,1977,146613.6726
Sweden,1978,140797.1516
Sweden,1979,146673.1847
Sweden,1980,133118.1221
Sweden,1981,130901.2685
Sweden,1982,123830.05459999999
Sweden,1983,119363.7668
Sweden,1984,118737.3572
Sweden,1985,121667.0229
Sweden,1986,118717.7044
Sweden,1987,114443.0389
Sweden,1988,111094.02130000001
Sweden,1989,109921.5948
Sweden,1990,818477.8715
Sweden,1991,802303.2518
Sweden,1992,801539.9225
Sweden,1993,831139.0821
Sweden,1994,845321.6423
Sweden,1995,832047.9287
Sweden,1996,828658.4002
Sweden,1997,810242.2339
Sweden,1998,804916.3003
Sweden,1999,791135.483
Sweden,2000,776952.6711
Sweden,2001,686534.9249
Sweden,2002,736230.2089
Sweden,2003,733416.9748
Sweden,2004,760805.6456
Sweden,2005,764338.2619
Sweden,2006,740913.041
Sweden,2007,752102.6788999999
Sweden,2008,725376.1656
Sweden,2009,668119.3795
Sweden,2010,726016.1309
Sweden,2011,574845.1113
Sweden,2012,533785.6656
Sweden,2013,524226.7589
Sweden,2014,520423.3844
Sweden,2015,480050.86199999996
Sweden,2016,513836.6606
Sweden,2017,528840.1974
Sweden,2018,544519.5889
Sweden,2019,532107.8543
Sweden,2020,579512.2286
Sweden,2021,627051.8089
Sweden,2022,605434.942
Sweden,2030,25370.5379
Sweden,2050,24028.5533
Switzerland,1961,65648.5824
Switzerland,1962,70103.78869999999
Switzerland,1963,73822.1841
Switzerland,1964,72338.2481
Switzerland,1965,76567.5147
Switzerland,1966,77981.7046
Switzerland,1967,79903.7741
Switzerland,1968,84254.0546
Switzerland,1969,86230.6659
Switzerland,1970,88819.5593
Switzerland,1971,89111.323
Switzerland,1972,90592.8671
Switzerland,1973,95698.2366
Switzerland,1974,91607.4301
Switzerland,1975,89071.5898
Switzerland,1976,91566.8235
Switzerland,1977,92343.65079999999
Switzerland,1978,94317.6438
Switzerland,1979,92193.7421
Switzerland,1980,92868.4378
Switzerland,1981,89387.3988
Switzerland,1982,86716.62800000001
Switzerland,1983,90338.89349999999
Switzerland,1984,89506.6155
Switzerland,1985,89541.51640000001
Switzerland,1986,91369.5667
Switzerland,1987,88342.9427
Switzerland,1988,88603.337
Switzerland,1989,87504.1676
Switzerland,1990,477449.2171
Switzerland,1991,463604.3618
Switzerland,1992,462685.24199999997
Switzerland,1993,443040.3822
Switzerland,1994,449654.63289999997
Switzerland,1995,433875.0792
Switzerland,1996,432363.9983
Switzerland,1997,443612.8425
Switzerland,1998,449513.761
Switzerland,1999,447012.5574
Switzerland,2000,469502.3514
Switzerland,2001,463903.7791
Switzerland,2002,440561.3599
Switzerland,2003,437062.6533
Switzerland,2004,440410.1199
Switzerland,2005,449720.2561
Switzerland,2006,458768.2528
Switzerland,2007,438748.43940000003
Switzerland,2008,452558.7048
Switzerland,2009,451786.8186
Switzerland,2010,438742.6482
Switzerland,2011,430369.8058
Switzerland,2012,430538.2707
Switzerland,2013,448645.386
Switzerland,2014,426381.7709
Switzerland,2015,418730.6915
Switzerland,2016,409460.3973
Switzerland,2017,412394.0393
Switzerland,2018,403557.846
Switzerland,2019,402271.0429
Switzerland,2020,392332.794
Switzerland,2021,379981.027
Switzerland,2022,371980.0255
Switzerland,2030,25658.935400000002
Switzerland,2050,26302.4914
USSR,1961,3705640.7487
USSR,1962,3918276.6991
USSR,1963,4133174.8938
USSR,1964,4209109.5011
USSR,1965,4365010.6606
USSR,1966,4638628.9542
USSR,1967,4820164.788
USSR,1968,4909780.2722000005
USSR,1969,4998966.510100001
USSR,1970,5265267.6285
USSR,1971,5509206.4936999995
USSR,1972,5720467.4006
USSR,1973,5908102.8285
USSR,1974,6073630.0682
USSR,1975,6273396.8677
USSR,1976,6419521.1716
USSR,1977,6528279.436
USSR,1978,6495636.4263
USSR,1979,6544703.6411999995
USSR,1980,6736260.045
USSR,1981,6652569.967999999
USSR,1982,6770929.6548999995
USSR,1983,6898217.0624
USSR,1984,6964672.7618
USSR,1985,7286854.7902
USSR,1986,7333212.0504
USSR,1987,7350986.0929
USSR,1988,7358857.7422
USSR,1989,7218865.9052
USSR,1990,37170932.6928
USSR,1991,35894963.5069
Ukraine,1992,6649355.6657
Ukraine,1993,5875198.8565
Ukraine,1994,5020596.3702
Ukraine,1995,4975235.6581
Ukraine,1996,4416069.3893
Ukraine,1997,3874088.6289
Ukraine,1998,3629227.6679
Ukraine,1999,3539536.8617
Ukraine,2000,3444842.6234
Ukraine,2001,3591115.8676
Ukraine,2002,3601324.7382
Ukraine,2003,3802990.0153
Ukraine,2004,3654534.7414
Ukraine,2005,3576632.2336999997
Ukraine,2006,3480143.6125
Ukraine,2007,3450776.5666
Ukraine,2008,3421296.0356
Ukraine,2009,2967807.8641999997
Ukraine,2010,3269051.2568
Ukraine,2011,3402186.2446
Ukraine,2012,3428503.9675
Ukraine,2013,3415580.4856
Ukraine,2014,2990907.8742
Ukraine,2015,2672547.4754
Ukraine,2016,2740240.9085
Ukraine,2017,2636530.2769
Ukraine,2018,2806468.0869
Ukraine,2019,2748751.5365
Ukraine,2020,2604072.3799
Ukraine,2021,2440565.4593
Ukraine,2022,1946558.5565
Ukraine,2030,126360.1592
Ukraine,2050,125818.2148
United Kingdom of Great Britain and Northern Ireland,1961,962227.218
United Kingdom of Great Britain and Northern Ireland,1962,958049.6645
United Kingdom of Great Britain and Northern Ireland,1963,968877.1513
United Kingdom of Great Britain and Northern Ireland,1964,974570.0784
United Kingdom of Great Britain and Northern Ireland,1965,1001301.7847
United Kingdom of Great Britain and Northern Ireland,1966,1002591.4005000001
United Kingdom of Great Britain and Northern Ireland,1967,981737.627
United Kingdom of Great Britain and Northern Ireland,1968,990516.9328
United Kingdom of Great Britain and Northern Ireland,1969,1006650.6328
United Kingdom of Great Britain and Northern Ireland,1970,1042343.8914999999
United Kingdom of Great Britain and Northern Ireland,1971,1053112.2869
United Kingdom of Great Britain and Northern Ireland,1972,1044192.0908
United Kingdom of Great Britain and Northern Ireland,1973,1082395.783
United Kingdom of Great Britain and Northern Ireland,1974,1047136.7370999999
United Kingdom of Great Britain and Northern Ireland,1975,1027373.0453
United Kingdom of Great Britain and Northern Ireland,1976,1014439.9429
United Kingdom of Great Britain and Northern Ireland,1977,1001315.3461000001
United Kingdom of Great Britain and Northern Ireland,1978,1002857.7920999998
United Kingdom of Great Britain and Northern Ireland,1979,1048611.896
United Kingdom of Great Britain and Northern Ireland,1980,974218.45
United Kingdom of Great Britain and Northern Ireland,1981,955688.9149
United Kingdom of Great Britain and Northern Ireland,1982,954416.2884999999
United Kingdom of Great Britain and Northern Ireland,1983,956897.3757999999
United Kingdom of Great Britain and Northern Ireland,1984,941976.6542
United Kingdom of Great Britain and Northern Ireland,1985,966466.7754
United Kingdom of Great Britain and Northern Ireland,1986,1002491.1267
United Kingdom of Great Britain and Northern Ireland,1987,998553.8357
United Kingdom of Great Britain and Northern Ireland,1988,999010.0732
United Kingdom of Great Britain and Northern Ireland,1989,1015837.8205
United Kingdom of Great Britain and Northern Ireland,1990,6485159.9643
United Kingdom of Great Britain and Northern Ireland,1991,6548534.8906
United Kingdom of Great Britain and Northern Ireland,1992,6409082.8715
United Kingdom of Great Britain and Northern Ireland,1993,6234062.2190000005
United Kingdom of Great Britain and Northern Ireland,1994,6224480.0113
United Kingdom of Great Britain and Northern Ireland,1995,6175085.8376
United Kingdom of Great Britain and Northern Ireland,1996,6282672.3738
United Kingdom of Great Britain and Northern Ireland,1997,6080892.4552
United Kingdom of Great Britain and Northern Ireland,1998,6084026.7489
United Kingdom of Great Britain and Northern Ireland,1999,5945136.4849
United Kingdom of Great Britain and Northern Ireland,2000,5918728.0166
United Kingdom of Great Britain and Northern Ireland,2001,5875464.6409
United Kingdom of Great Britain and Northern Ireland,2002,5733291.4819
United Kingdom of Great Britain and Northern Ireland,2003,5766677.3538999995
United Kingdom of Great Britain and Northern Ireland,2004,5739180.858
United Kingdom of Great Britain and Northern Ireland,2005,5761591.3474
United Kingdom of Great Britain and Northern Ireland,2006,5686251.416999999
United Kingdom of Great Britain and Northern Ireland,2007,5492356.414
United Kingdom of Great Britain and Northern Ireland,2008,5390956.8773
United Kingdom of Great Britain and Northern Ireland,2009,5001540.5051
United Kingdom of Great Britain and Northern Ireland,2010,5129685.1424
United Kingdom of Great Britain and Northern Ireland,2011,4826376.016
United Kingdom of Great Britain and Northern Ireland,2012,4970282.3744
United Kingdom of Great Britain and Northern Ireland,2013,4888001.3355
United Kingdom of Great Britain and Northern Ireland,2014,4659699.8384
United Kingdom of Great Britain and Northern Ireland,2015,4555659.6923
United Kingdom of Great Britain and Northern Ireland,2016,4376908.667400001
United Kingdom of Great Britain and Northern Ireland,2017,4305364.2956
United Kingdom of Great Britain and Northern Ireland,2018,4227215.7139
United Kingdom of Great Britain and Northern Ireland,2019,4102949.9724000003
United Kingdom of Great Britain and Northern Ireland,2020,3810988.0695
United Kingdom of Great Britain and Northern Ireland,2021,3782603.3077
United Kingdom of Great Britain and Northern Ireland,2022,3764356.3625
United Kingdom of Great Britain and Northern Ireland,2030,191340.5436
United Kingdom of Great Britain and Northern Ireland,2050,181404.1604
Yugoslav SFR,1961,217752.4879
Yugoslav SFR,1962,222669.286
Yugoslav SFR,1963,218380.6372
Yugoslav SFR,1964,223670.6644
Yugoslav SFR,1965,227726.58419999998
Yugoslav SFR,1966,234226.7963
Yugoslav SFR,1967,239363.34399999998
Yugoslav SFR,1968,246144.15769999998
Yugoslav SFR,1969,240606.3611
Yugoslav SFR,1970,254627.1901
Yugoslav SFR,1971,266074.1681
Yugoslav SFR,1972,262655.2889
Yugoslav SFR,1973,282306.8019
Yugoslav SFR,1974,290877.3791
Yugoslav SFR,1975,297966.8667
Yugoslav SFR,1976,300678.4122
Yugoslav SFR,1977,296410.9101
Yugoslav SFR,1978,306904.5274
Yugoslav SFR,1979,316223.0957
Yugoslav SFR,1980,309814.0887
Yugoslav SFR,1981,320471.5281
Yugoslav SFR,1982,310442.8013
Yugoslav SFR,1983,318205.65140000003
Yugoslav SFR,1984,332569.4897
Yugoslav SFR,1985,326910.9337
Yugoslav SFR,1986,328010.8117
Yugoslav SFR,1987,325166.2269
Yugoslav SFR,1988,328318.0635
Yugoslav SFR,1989,316962.2589
Yugoslav SFR,1990,1406047.6921
Yugoslav SFR,1991,1121111.329
