Area,Year,rfw
Albania,1990,8184.89464001981
Albania,1991,8234.38298758108
Albania,1992,8284.47086715004
Albania,1993,8335.17440500334
Albania,1994,8386.49979298751
Albania,1995,8438.46383569276
Albania,1996,8491.07316748279
Albania,1997,8544.34531098082
Albania,1998,8598.28737458167
Albania,1999,8652.91764159422
Albania,2000,8708.24372852681
Albania,2001,8790.35270228186
Albania,2002,8816.75248524259
Albania,2003,8849.80208026277
Albania,2004,8886.86557608197
Albania,2005,8932.46426101125
Albania,2006,8988.99833486324
Albania,2007,9057.18721475332
Albania,2008,9126.95423697645
Albania,2009,9188.66794715935
Albania,2010,9234.39961469553
Albania,2011,9259.27519495249
Albania,2012,9403.26660393161
Albania,2013,9549.49799460542
Albania,2014,9698.00275221387
Albania,2015,9848.8151948546
Albania,2016,10001.9743674309
Albania,2017,10157.5170346092
Albania,2018,10315.4732482198
Albania,2019,10475.8896814823
Albania,2020,10638.8027589698
Albania,2021,10804.2455463615
Albania,2022,10972.2650507661
Austria,1990,7163.46373008069
Austria,1991,7092.29826699047
Austria,1992,7014.67175991355
Austria,1993,6957.06466515711
Austria,1994,6930.34050148952
Austria,1995,6919.73783503798
Austria,1996,6910.40112114348
Austria,1997,6902.57492399951
Austria,1998,6895.00499511771
Austria,1999,6881.60289798061
Austria,2000,6865.07481808176
Austria,2001,6838.84558794364
Austria,2002,6805.28243345021
Austria,2003,6772.21220960908
Austria,2004,6730.32658236708
Austria,2005,6684.63090324313
Austria,2006,6651.63719164975
Austria,2007,6630.11104712719
Austria,2008,6609.38850418242
Austria,2009,6592.09765701268
Austria,2010,6576.26966244845
Austria,2011,6554.13963630245
Austria,2012,6524.32487768967
Austria,2013,6485.98443623175
Austria,2014,6435.49133689259
Austria,2015,6363.75280453479
Austria,2016,6295.30617393267
Austria,2017,6251.72917145492
Austria,2018,6221.35279131173
Austria,2019,6193.74949323868
Austria,2020,6168.08779409443
Austria,2021,6141.27363538946
Austria,2022,6082.82529760776
Belarus,1992,3327.95965729846
Belarus,1993,3320.62056538448
Belarus,1994,3324.5477270605
Belarus,1995,3335.35056643572
Belarus,1996,3346.59865984472
Belarus,1997,3360.53621506562
Belarus,1998,3375.70739685998
Belarus,1999,3390.93332248235
Belarus,2000,3406.94676445272
Belarus,2001,3424.46816750363
Belarus,2002,3446.33668601075
Belarus,2003,3470.53905331248
Belarus,2004,3494.29494685897
Belarus,2005,3518.24286533977
Belarus,2006,3539.85101808198
Belarus,2007,3556.13085850333
Belarus,2008,3568.43550866211
Belarus,2009,3577.22164139132
Belarus,2010,3585.04723194285
Belarus,2011,3593.45623165025
Belarus,2012,3599.08862607544
Belarus,2013,3600.47022141092
Belarus,2014,3598.4490684515
Belarus,2015,3593.67158661446
Belarus,2016,3590.52056106319
Belarus,2017,3594.46448240927
Belarus,2018,3602.15854053249
Belarus,2019,3609.43455235262
Belarus,2020,3624.7520243174
Belarus,2021,3654.89807402996
Belarus,2022,3684.41031717246
Belgium,1990,1203.92733134759
Belgium,1991,1199.46192138207
Belgium,1992,1194.60540093048
Belgium,1993,1189.94791498814
Belgium,1994,1186.28617592051
Belgium,1995,1183.80425559873
Belgium,1996,1181.49344118531
Belgium,1997,1178.63777956429
Belgium,1998,1176.12374703617
Belgium,1999,1173.43128616185
Belgium,2000,1170.58895256676
Belgium,2001,1166.56961455568
Belgium,2002,1161.35194915988
Belgium,2003,1156.5002106276
Belgium,2004,1151.50582897049
Belgium,2005,1145.18929358712
Belgium,2006,1137.66095769437
Belgium,2007,1129.33736130326
Belgium,2008,1120.45100393811
Belgium,2009,1111.47203077888
Belgium,2010,1101.36343286171
Belgium,2011,1087.1274685947
Belgium,2012,1080.40636244104
Belgium,2013,1075.32595594013
Belgium,2014,1070.56284931016
Belgium,2015,1064.37745095083
Belgium,2016,1059.00212700577
Belgium,2017,1054.93040184585
Belgium,2018,1050.13943226312
Belgium,2019,1044.47914436269
Belgium,2020,1039.9871596252
Belgium,2021,1035.71534917201
Belgium,2022,1027.3787885663
Bulgaria,1990,2408.72951103135
Bulgaria,1991,2432.7047262935
Bulgaria,1992,2458.96917202058
Bulgaria,1993,2478.6619663367
Bulgaria,1994,2487.09346532773
Bulgaria,1995,2498.19564845248
Bulgaria,1996,2511.11287021875
Bulgaria,1997,2526.44708873893
Bulgaria,1998,2543.36251417925
Bulgaria,1999,2557.66187807407
Bulgaria,2000,2570.3253248524
Bulgaria,2001,2622.00370526581
Bulgaria,2002,2679.54173711628
Bulgaria,2003,2700.85103816212
Bulgaria,2004,2721.3141096249
Bulgaria,2005,2741.88233094468
Bulgaria,2006,2762.78637267462
Bulgaria,2007,2783.17551844596
Bulgaria,2008,2802.77998404017
Bulgaria,2009,2820.8960697261
Bulgaria,2010,2839.52658871851
Bulgaria,2011,2857.79295643853
Bulgaria,2012,2874.39391351195
Bulgaria,2013,2932.95884569913
Bulgaria,2014,2968.79709431105
Bulgaria,2015,3006.77598445067
Bulgaria,2016,3046.06565083762
Bulgaria,2017,3086.6610969582
Bulgaria,2018,3129.28507161145
Bulgaria,2019,3173.77506639991
Bulgaria,2020,3205.76622697802
Bulgaria,2021,3227.14440287917
Bulgaria,2022,3248.21112506123
Croatia,1992,8238.96404970652
Croatia,1993,8194.82734672575
Croatia,1994,8103.99946345935
Croatia,1995,8160.12017237983
Croatia,1996,8272.81051950397
Croatia,1997,8313.26682719872
Croatia,1998,8318.37533524487
Croatia,1999,8354.39105242502
Croatia,2000,8437.20948136451
Croatia,2001,8768.17186175035
Croatia,2002,8763.01144491134
Croatia,2003,8760.51697739392
Croatia,2004,8758.07275937369
Croatia,2005,8746.80550190307
Croatia,2006,8744.74822199784
Croatia,2007,8746.6593909309
Croatia,2008,8747.69850836658
Croatia,2009,8756.89082526379
Croatia,2010,8776.7758595362
Croatia,2011,8807.13130007742
Croatia,2012,8849.00083748634
Croatia,2013,8904.27362620284
Croatia,2014,8972.77654835136
Croatia,2015,9080.56289855422
Croatia,2016,9179.74699448509
Croatia,2017,9328.43437941291
Croatia,2018,9451.52333736548
Croatia,2019,9545.77795558301
Croatia,2020,9631.58300815031
Croatia,2021,9719.04734774416
Croatia,2022,9777.88129133392
Czechia,1993,1273.00915646928
Czechia,1994,1272.54940612587
Czechia,1995,1273.32989711785
Czechia,1996,1274.81267766793
Czechia,1997,1276.18719133132
Czechia,1998,1277.39688468642
Czechia,1999,1278.70274391133
Czechia,2000,1282.2934388604
Czechia,2001,1287.12033009008
Czechia,2002,1289.60560232133
Czechia,2003,1289.97474788596
Czechia,2004,1289.58220576613
Czechia,2005,1287.79961172107
Czechia,2006,1284.31702413491
Czechia,2007,1276.84431665428
Czechia,2008,1266.29780647368
Czechia,2009,1259.10384743836
Czechia,2010,1255.44064057069
Czechia,2011,1252.84772764862
Czechia,2012,1251.09589816555
Czechia,2013,1250.6809791491
Czechia,2014,1249.36498530642
Czechia,2015,1246.91128695563
Czechia,2016,1244.51891157688
Czechia,2017,1241.21732554384
Czechia,2018,1237.07328967797
Czechia,2019,1232.21141187065
Czechia,2020,1229.2180359844
Czechia,2021,1251.69287892408
Czechia,2022,1232.18277758923
Denmark,1990,1167.10196327947
Denmark,1991,1164.07704793165
Denmark,1992,1160.23413524849
Denmark,1993,1156.3750571442
Denmark,1994,1152.47647987584
Denmark,1995,1146.48812534478
Denmark,1996,1140.01817188966
Denmark,1997,1135.29048583053
Denmark,1998,1131.17501370136
Denmark,1999,1127.43829671132
Denmark,2000,1123.67630930764
Denmark,2001,1119.65720574989
Denmark,2002,1116.08575333277
Denmark,2003,1113.05400871967
Denmark,2004,1110.18123153514
Denmark,2005,1107.12709376186
Denmark,2006,1103.49454652995
Denmark,2007,1098.61175756275
Denmark,2008,1092.17581627855
Denmark,2009,1086.34741933644
Denmark,2010,1081.53259658131
Denmark,2011,1077.08867240204
Denmark,2012,1073.04350189893
Denmark,2013,1068.5792811026
Denmark,2014,1063.17472833671
Denmark,2015,1055.69067418694
Denmark,2016,1047.48420481109
Denmark,2017,1040.76683700551
Denmark,2018,1035.61908273147
Denmark,2019,1031.91684401304
Denmark,2020,1028.91173377801
Denmark,2021,1024.46193125075
Denmark,2022,1016.42595159068
Estonia,1992,8290.44068486476
Estonia,1993,8506.63396978037
Estonia,1994,8690.51509934264
Estonia,1995,8847.06891247179
Estonia,1996,8978.56306257303
Estonia,1997,9081.58781309506
Estonia,1998,9169.24213436294
Estonia,1999,9142.28006019087
Estonia,2000,9098.16497671772
Estonia,2001,9156.3018914139
Estonia,2002,9214.48508355385
Estonia,2003,9272.49912454768
Estonia,2004,9328.09805144765
Estonia,2005,9381.63163624956
Estonia,2006,9437.1143665402
Estonia,2007,9480.26374675538
Estonia,2008,9505.71764054776
Estonia,2009,9524.05930244321
Estonia,2010,9545.80446497306
Estonia,2011,9574.82792052968
Estonia,2012,9609.16189358704
Estonia,2013,9643.42103965335
Estonia,2014,9668.74469873607
Estonia,2015,9662.40866895189
Estonia,2016,9659.59613616155
Estonia,2017,9647.90827883138
Estonia,2018,9614.38814744886
Estonia,2019,9578.73174878551
Estonia,2020,9559.8267648072
Estonia,2021,9549.69900791325
Estonia,2022,9422.91153880371
Finland,1990,21458.2333536752
Finland,1991,21341.3539593198
Finland,1992,21221.7710777804
Finland,1993,21119.3366870314
Finland,1994,21028.4979383228
Finland,1995,20948.3945111291
Finland,1996,20879.7884233477
Finland,1997,20817.7888978926
Finland,1998,20762.5965897338
Finland,1999,20714.4591183694
Finland,2000,20671.4991608724
Finland,2001,20624.4863153642
Finland,2002,20574.5570028677
Finland,2003,20525.5539309889
Finland,2004,20466.0443459014
Finland,2005,20396.1193237791
Finland,2006,20317.993691168
Finland,2007,20231.7384924897
Finland,2008,20137.7686862967
Finland,2009,20041.6904622719
Finland,2010,19950.2102416548
Finland,2011,19857.9433258009
Finland,2012,19763.6817781255
Finland,2013,19672.8352343053
Finland,2014,19591.6442186706
Finland,2015,19527.2186615971
Finland,2016,19471.1738370023
Finland,2017,19425.5343020442
Finland,2018,19399.7851519121
Finland,2019,19378.4199741887
Finland,2020,19350.6045617151
Finland,2021,19310.5345101811
Finland,2022,19258.0919082537
France,1990,3432.827428401
France,1991,3415.63639402932
France,1992,3398.66796686108
France,1993,3383.91759998216
France,1994,3371.26779374105
France,1995,3359.0133261128
France,1996,3347.02803323411
France,1997,3335.10838918834
France,1998,3322.77333814648
France,1999,3305.67661035127
France,2000,3283.06625124278
France,2001,3259.21992168192
France,2002,3235.61024628462
France,2003,3212.85888939018
France,2004,3189.40667914065
France,2005,3165.51593303883
France,2006,3143.54979261845
France,2007,3124.17551055667
France,2008,3106.79051824932
France,2009,3090.88264419323
France,2010,3075.6828196556
France,2011,3060.87327020486
France,2012,3046.10312103878
France,2013,3030.39798277316
France,2014,3016.04231398789
France,2015,3005.33723850861
France,2016,2997.41754493998
France,2017,2988.73158530393
France,2018,2978.03632692097
France,2019,2968.14904489193
France,2020,2958.5313022227
France,2021,2947.99105538242
France,2022,2933.21980990477
Germany,1990,1347.04670521881
Germany,1991,1337.26771659763
Germany,1992,1327.13840011953
Germany,1993,1318.44252310814
Germany,1994,1313.87733945684
Germany,1995,1310.02146464048
Germany,1996,1306.23476473998
Germany,1997,1304.32496727516
Germany,1998,1304.12745981139
Germany,1999,1303.28481488173
Germany,2000,1301.52095008402
Germany,2001,1299.33330236791
Germany,2002,1297.15059051568
Germany,2003,1296.4326438541
Germany,2004,1296.71412640369
Germany,2005,1297.45058720067
Germany,2006,1298.9149046977
Germany,2007,1300.65295695792
Germany,2008,1303.12840819077
Germany,2009,1306.43450617331
Germany,2010,1308.4374774157
Germany,2011,1332.91837632653
Germany,2012,1330.41846522354
Germany,2013,1326.79269998656
Germany,2014,1321.27311456179
Germany,2015,1309.88418652844
Germany,2016,1299.35312008504
Germany,2017,1294.50618109764
Germany,2018,1290.62168426323
Germany,2019,1287.71435539872
Germany,2020,1286.66281044603
Germany,2021,1286.11831918327
Germany,2022,1286.40073765825
Greece,1990,5688.0634615279
Greece,1991,5620.19479401356
Greece,1992,5577.42665419503
Greece,1993,5544.71309216699
Greece,1994,5517.01991130534
Greece,1995,5491.30466108567
Greece,1996,5467.15933941633
Greece,1997,5440.25804081863
Greece,1998,5410.19087806372
Greece,1999,5389.48407584008
Greece,2000,5367.48385682959
Greece,2001,5339.65155275226
Greece,2002,5320.1140118778
Greece,2003,5307.43306000053
Greece,2004,5294.31798276261
Greece,2005,5278.81518631396
Greece,2006,5262.98500902239
Greece,2007,5249.59421994334
Greece,2008,5235.67724071866
Greece,2009,5221.92412238137
Greece,2010,5215.19841896764
Greece,2011,5222.92008238886
Greece,2012,5251.23967735297
Greece,2013,5289.45589829507
Greece,2014,5324.80727640423
Greece,2015,5360.00620282097
Greece,2016,5382.34559094489
Greece,2017,5393.00150195092
Greece,2018,5403.95394265958
Greece,2019,5409.6494341973
Greece,2020,5421.2705794469
Greece,2021,5487.63970655509
Greece,2022,5557.21526793155
Hungary,1990,578.369668443804
Hungary,1991,578.402452426398
Hungary,1992,578.628863685744
Hungary,1993,579.289082920694
Hungary,1994,580.082574754516
Hungary,1995,580.89072816105
Hungary,1996,581.889390973227
Hungary,1997,583.062840763789
Hungary,1998,584.421087081664
Hungary,1999,586.078868633352
Hungary,2000,587.603274948093
Hungary,2001,588.952661555605
Hungary,2002,590.632102351031
Hungary,2003,592.326294390907
Hungary,2004,593.63939137715
Hungary,2005,594.821189315227
Hungary,2006,595.748145485669
Hungary,2007,596.671764895413
Hungary,2008,597.71743665291
Hungary,2009,598.64407117878
Hungary,2010,599.998620003174
Hungary,2011,601.701189773848
Hungary,2012,604.816638747659
Hungary,2013,607.734392519843
Hungary,2014,610.187817844292
Hungary,2015,612.385184156983
Hungary,2016,614.769530587602
Hungary,2017,616.85519817707
Hungary,2018,618.112934177978
Hungary,2019,618.88694420858
Hungary,2020,620.448814058626
Hungary,2021,622.992665715011
Hungary,2022,624.669835963783
Iceland,1990,667121.879243091
Iceland,1991,659433.585340403
Iceland,1992,651198.78034299
Iceland,1993,644610.863588966
Iceland,1994,639047.293258803
Iceland,1995,635590.051894058
Iceland,1996,632167.665739487
Iceland,1997,627010.120681007
Iceland,1998,620331.548967878
Iceland,1999,612875.43126602
Iceland,2000,604541.17103181
Iceland,2001,596558.210044637
Iceland,2002,591257.047262306
Iceland,2003,587176.750563862
Iceland,2004,582044.276450489
Iceland,2005,572903.678041613
Iceland,2006,559611.826902186
Iceland,2007,545630.781279087
Iceland,2008,535578.14085075
Iceland,2009,533753.638158989
Iceland,2010,534522.278574146
Iceland,2011,532891.973393017
Iceland,2012,530063.981840632
Iceland,2013,525073.819201641
Iceland,2014,519264.721154845
Iceland,2015,513882.381391412
Iceland,2016,506798.553537305
Iceland,2017,495049.504950495
Iceland,2018,481967.333955166
Iceland,2019,471484.872269201
Iceland,2020,463894.035687095
Iceland,2021,456351.336840975
Iceland,2022,445022.683067934
Ireland,1990,13944.3262812986
Ireland,1991,13864.386493824
Ireland,1992,13770.1177204554
Ireland,1993,13701.4608273837
Ireland,1994,13647.557672072
Ireland,1995,13577.7663798433
Ireland,1996,13470.753345008
Ireland,1997,13336.3417217108
Ireland,1998,13197.9564176544
Ireland,1999,13050.0113721528
Ireland,2000,12877.2035129011
Ireland,2001,12673.8024485269
Ireland,2002,12462.0194524494
Ireland,2003,12260.6637122637
Ireland,2004,12038.5370769744
Ireland,2005,11779.0896638729
Ireland,2006,11465.7673137181
Ireland,2007,11139.0420696613
Ireland,2008,10914.2487522118
Ireland,2009,10803.9577763691
Ireland,2010,10745.2487908854
Ireland,2011,10698.4937394161
Ireland,2012,10653.2554500642
Ireland,2013,10597.307505316
Ireland,2014,10520.123493368
Ireland,2015,10421.1927076322
Ireland,2016,10288.2343332237
Ireland,2017,10150.2968961842
Ireland,2018,10004.0383648746
Ireland,2019,9846.36456144694
Ireland,2020,9722.71028684575
Ireland,2021,9587.94345461429
Ireland,2022,9399.87369639099
Italy,1990,3217.60305674053
Italy,1991,3215.37624280238
Italy,1992,3213.19295829379
Italy,1993,3211.22914572806
Italy,1994,3210.57501838384
Italy,1995,3210.52401680429
Italy,1996,3209.62184481642
Italy,1997,3207.92418091413
Italy,1998,3207.00126508732
Italy,1999,3206.46186575987
Italy,2000,3205.00955110408
Italy,2001,3203.04791157678
Italy,2002,3196.71680893604
Italy,2003,3179.48770839669
Italy,2004,3155.90086279563
Italy,2005,3137.53498953232
Italy,2006,3125.00743794579
Italy,2007,3106.05270619139
Italy,2008,3082.18814281039
Italy,2009,3064.37089708022
Italy,2010,3050.8493673299
Italy,2011,3040.30658551564
Italy,2012,3032.00231090079
Italy,2013,3025.95123761654
Italy,2014,3025.49504268907
Italy,2015,3030.07134116188
Italy,2016,3035.83669647204
Italy,2017,3041.55250706257
Italy,2018,3034.14915757555
Italy,2019,3055.46304990027
Italy,2020,3070.38236657704
Italy,2021,3086.25414029448
Italy,2022,3092.50397878173
Latvia,1992,6479.65182772847
Latvia,1993,6608.69429522216
Latvia,1994,6720.24348386309
Latvia,1995,6816.74779159906
Latvia,1996,6893.96399674104
Latvia,1997,6963.02404051872
Latvia,1998,7028.99022787787
Latvia,1999,7086.43696124882
Latvia,2000,7155.075922367
Latvia,2001,7248.08208217631
Latvia,2002,7332.78416811209
Latvia,2003,7403.99177431374
Latvia,2004,7485.23499837835
Latvia,2005,7566.55689054712
Latvia,2006,7636.28216738785
Latvia,2007,7698.86266801495
Latvia,2008,7780.1997132257
Latvia,2009,7909.71900886645
Latvia,2010,8076.06951903526
Latvia,2011,8224.46277605235
Latvia,2012,8327.11093982802
Latvia,2013,8416.77651371552
Latvia,2014,8496.41535533975
Latvia,2015,8566.25472117448
Latvia,2016,8644.89927977885
Latvia,2017,8721.85220424992
Latvia,2018,8790.07292543382
Latvia,2019,8851.39788339773
Latvia,2020,8913.68302964194
Latvia,2021,8989.16948352074
Latvia,2022,9013.59648352678
Lithuania,1992,4178.2496431191
Lithuania,1993,4198.10607305193
Lithuania,1994,4227.34242895549
Lithuania,1995,4260.00702102063
Lithuania,1996,4292.52115649294
Lithuania,1997,4324.30980966604
Lithuania,1998,4355.75042169919
Lithuania,1999,4386.76389052045
Lithuania,2000,4417.72852172402
Lithuania,2001,4454.28138265965
Lithuania,2002,4490.18273533452
Lithuania,2003,4526.804038284
Lithuania,2004,4577.92616391404
Lithuania,2005,4653.08343526375
Lithuania,2006,4727.96031938504
Lithuania,2007,4784.46096207897
Lithuania,2008,4833.92225264529
Lithuania,2009,4887.89458841145
Lithuania,2010,4991.47316905597
Lithuania,2011,5105.48641646701
Lithuania,2012,5172.05790697589
Lithuania,2013,5220.76825664838
Lithuania,2014,5263.4212987441
Lithuania,2015,5310.69087416514
Lithuania,2016,5373.0461452912
Lithuania,2017,5438.6082791378
Lithuania,2018,5483.82519863791
Lithuania,2019,5499.64800118388
Lithuania,2020,5501.05697863875
Lithuania,2021,5504.9530334214
Lithuania,2022,5459.73551007032
Luxembourg,1990,2618.82938326568
Luxembourg,1991,2583.97932816537
Luxembourg,1992,2549.88206795436
Luxembourg,1993,2515.88150198126
Luxembourg,1994,2481.85146119005
Luxembourg,1995,2447.23156928724
Luxembourg,1996,2414.14690083892
Luxembourg,1997,2384.07438312075
Luxembourg,1998,2354.60324935248
Luxembourg,1999,2323.01527382543
Luxembourg,2000,2292.00091680037
Luxembourg,2001,2264.87741350999
Luxembourg,2002,2241.27304308847
Luxembourg,2003,2214.20189092841
Luxembourg,2004,2182.9533175433
Luxembourg,2005,2149.80716229754
Luxembourg,2006,2115.78864964021
Luxembourg,2007,2083.36371572085
Luxembourg,2008,2046.45451754835
Luxembourg,2009,2008.90749583654
Luxembourg,2010,1972.56944923888
Luxembourg,2011,1929.20958354153
Luxembourg,2012,1883.43070670087
Luxembourg,2013,1840.40047114252
Luxembourg,2014,1797.52983450143
Luxembourg,2015,1755.60564883674
Luxembourg,2016,1718.17172782785
Luxembourg,2017,1676.90697861608
Luxembourg,2018,1644.87211119335
Luxembourg,2019,1612.90062435383
Luxembourg,2020,1586.24660741507
Luxembourg,2021,1562.34376562344
Luxembourg,2022,1531.15205411704
North Macedonia,1992,2656.7965036558
North Macedonia,1993,2690.77870139034
North Macedonia,1994,2709.93734022661
North Macedonia,1995,2701.98055174443
North Macedonia,1996,2683.15915158508
North Macedonia,1997,2704.23347750904
North Macedonia,1998,2689.88200882381
North Macedonia,1999,2677.05496192137
North Macedonia,2000,2664.89007328448
North Macedonia,2001,2653.71653000027
North Macedonia,2002,2673.0595691325
North Macedonia,2003,2669.66592097295
North Macedonia,2004,2678.32432126798
North Macedonia,2005,2692.82362503927
North Macedonia,2006,2707.73464401062
North Macedonia,2007,2723.23875794089
North Macedonia,2008,2739.04091974965
North Macedonia,2009,2756.81520455058
North Macedonia,2010,2774.49804706165
North Macedonia,2011,2787.24350907764
North Macedonia,2012,2798.1869821087
North Macedonia,2013,2808.52710436695
North Macedonia,2014,2816.083172495
North Macedonia,2015,2823.63276041476
North Macedonia,2016,2832.69326705531
North Macedonia,2017,2844.11560381891
North Macedonia,2018,2858.57819614187
North Macedonia,2019,2878.06287181641
North Macedonia,2020,2909.28838806028
North Macedonia,2021,2939.39298268915
North Macedonia,2022,2948.06170402334
Norway,1990,90063.0512088607
Norway,1991,89634.918385295
Norway,1992,89119.0534903291
Norway,1993,88590.166352388
Norway,1994,88087.1777121915
Norway,1995,87631.0795781963
Norway,1996,87188.0175362036
Norway,1997,86716.5460845096
Norway,1998,86201.7608627758
Norway,1999,85613.5025492429
Norway,2000,85059.6319233697
Norway,2001,84630.2775673713
Norway,2002,84175.1027233731
Norway,2003,83682.8332991957
Norway,2004,83189.7837718945
Norway,2005,82625.1256950947
Norway,2006,81962.341522487
Norway,2007,81118.6215440441
Norway,2008,80113.8875536574
Norway,2009,79109.8935826966
Norway,2010,78130.5606665396
Norway,2011,77123.6045069258
Norway,2012,76117.2548451522
Norway,2013,75202.43136154
Norway,2014,74359.1101200024
Norway,2015,73622.8432795161
Norway,2016,72977.0968450014
Norway,2017,72390.0542887507
Norway,2018,71913.7877933311
Norway,2019,71429.9604928742
Norway,2020,71010.6469497488
Norway,2021,70631.9152712857
Norway,2022,70000.2034037324
Poland,1990,1406.42613945838
Poland,1991,1401.44667470564
Poland,1992,1397.15528236652
Poland,1993,1393.60472710723
Poland,1994,1390.66714973324
Poland,1995,1388.78100213919
Poland,1996,1387.7249001084
Poland,1997,1386.81685686239
Poland,1998,1386.32111267995
Poland,1999,1386.43622027378
Poland,2000,1400.99113326826
Poland,2001,1401.37767975571
Poland,2002,1402.02693335591
Poland,2003,1402.97351861309
Poland,2004,1403.79467700963
Poland,2005,1404.41176566918
Poland,2006,1405.30203152402
Poland,2007,1406.06538833637
Poland,2008,1405.87365093505
Poland,2009,1404.92130828684
Poland,2010,1408.93962730498
Poland,2011,1408.18224820762
Poland,2012,1408.18561483748
Poland,2013,1409.03585249666
Poland,2014,1410.0908574681
Poland,2015,1411.03087072293
Poland,2016,1411.63753456767
Poland,2017,1411.46137180457
Poland,2018,1411.46419660432
Poland,2019,1411.8090185886
Poland,2020,1428.733341529
Poland,2021,1449.37102300095
Poland,2022,1455.66143531096
Portugal,1990,3806.38788014045
Portugal,1991,3815.17102759122
Portugal,1992,3818.13844851351
Portugal,1993,3813.47108661346
Portugal,1994,3803.22323168886
Portugal,1995,3790.07908897669
Portugal,1996,3775.85529332682
Portugal,1997,3759.03516250952
Portugal,1998,3740.08532906255
Portugal,1999,3718.98998495571
Portugal,2000,3692.94234014759
Portugal,2001,3666.9901981352
Portugal,2002,3646.96216209576
Portugal,2003,3633.29671671405
Portugal,2004,3624.61883079144
Portugal,2005,3617.90022783251
Portugal,2006,3611.38185915459
Portugal,2007,3604.29951197785
Portugal,2008,3599.10617145365
Portugal,2009,3595.67674752492
Portugal,2010,3594.02634988792
Portugal,2011,3599.31650873876
Portugal,2012,3613.93854250239
Portugal,2013,3633.82691221774
Portugal,2014,3653.47307803761
Portugal,2015,3668.63498587962
Portugal,2016,3680.22629905209
Portugal,2017,3689.21293554557
Portugal,2018,3695.12424466312
Portugal,2019,3694.24736660923
Portugal,2020,3690.36623097361
Portugal,2021,3667.30551772172
Portugal,2022,3641.8239327635
Republic of Moldova,1992,543.448178693812
Republic of Moldova,1993,544.36105788843
Republic of Moldova,1994,546.052997477033
Republic of Moldova,1995,548.557496952458
Republic of Moldova,1996,244.291965542618
Republic of Moldova,1997,551.693511777805
Republic of Moldova,1998,551.916427588054
Republic of Moldova,1999,552.783675274396
Republic of Moldova,2000,553.909024887611
Republic of Moldova,2001,555.149093513494
Republic of Moldova,2002,556.436197892069
Republic of Moldova,2003,558.005344451188
Republic of Moldova,2004,559.387822541465
Republic of Moldova,2005,560.750575028946
Republic of Moldova,2006,562.311196205996
Republic of Moldova,2007,563.615685076605
Republic of Moldova,2008,564.689544494225
Republic of Moldova,2009,565.402990981822
Republic of Moldova,2010,565.9677314546
Republic of Moldova,2011,566.2951607282
Republic of Moldova,2012,566.369404305247
Republic of Moldova,2013,566.52111969752
Republic of Moldova,2014,566.866644621853
Republic of Moldova,2015,571.23151166899
Republic of Moldova,2016,577.91384517474
Republic of Moldova,2017,587.981441563537
Republic of Moldova,2018,598.403592194601
Republic of Moldova,2019,608.056980193858
Republic of Moldova,2020,614.7704287834
Republic of Moldova,2021,624.082896700027
Republic of Moldova,2022,640.657045210614
Romania,1990,1826.57966492736
Romania,1991,1842.51616929672
Romania,1992,1859.23804406403
Romania,1993,1861.77035998327
Romania,1994,1864.47895270308
Romania,1995,1868.2549625798
Romania,1996,1873.64571844101
Romania,1997,1879.04767841841
Romania,1998,1882.94096362503
Romania,1999,1885.8990995032
Romania,2000,1888.34178861613
Romania,2001,1914.87698564565
Romania,2002,1950.25460992699
Romania,2003,1964.37191131718
Romania,2004,1975.59658075417
Romania,2005,1987.83424802008
Romania,2006,1999.64517858087
Romania,2007,2029.40365509102
Romania,2008,2063.5046225571
Romania,2009,2080.76725420274
Romania,2010,2093.16293860913
Romania,2011,2103.48386164298
Romania,2012,2112.86898243023
Romania,2013,2120.72913650145
Romania,2014,2128.6877644504
Romania,2015,2138.71726218352
Romania,2016,2151.02150427664
Romania,2017,2163.4905607642
Romania,2018,2176.23833250231
Romania,2019,2187.7333306903
Romania,2020,2199.8157303954
Romania,2021,2216.2885283431
Romania,2022,2224.84686722347
Russian Federation,1992,29029.5700842525
Russian Federation,1993,29045.0998393985
Russian Federation,1994,29055.0546927714
Russian Federation,1995,29061.3454336724
Russian Federation,1996,29103.6463662906
Russian Federation,1997,29151.8066200034
Russian Federation,1998,29200.0887596019
Russian Federation,1999,29290.5380639237
Russian Federation,2000,29413.9979210606
Russian Federation,2001,29539.0047829759
Russian Federation,2002,29675.2044060356
Russian Federation,2003,29810.1707407948
Russian Federation,2004,29930.452789167
Russian Federation,2005,30044.841368324
Russian Federation,2006,30143.3830272495
Russian Federation,2007,30194.9970783259
Russian Federation,2008,30208.2704724118
Russian Federation,2009,30199.1770191995
Russian Federation,2010,30185.6216923398
Russian Federation,2011,30150.0099340507
Russian Federation,2012,30074.2551633301
Russian Federation,2013,29984.9161685858
Russian Federation,2014,29895.1956389232
Russian Federation,2015,29811.7993276527
Russian Federation,2016,29734.7606937909
Russian Federation,2017,29677.9079772868
Russian Federation,2018,29656.5073550545
Russian Federation,2019,29645.2556718019
Russian Federation,2020,29687.738691278
Russian Federation,2021,29789.958272089
Russian Federation,2022,29895.2557456279
Serbia,2006,1134.30772890329
Serbia,2007,1138.91621291325
Serbia,2008,1143.77497713674
Serbia,2009,1148.37066460023
Serbia,2010,1152.99647421989
Serbia,2011,1161.74641426354
Serbia,2012,1167.39616776901
Serbia,2013,1173.08837316908
Serbia,2014,1178.80693856953
Serbia,2015,1184.85499655198
Serbia,2016,1191.07629263726
Serbia,2017,1197.43199477899
Serbia,2018,1203.99209234836
Serbia,2019,1210.47020007242
Serbia,2020,1218.56014805354
Serbia,2021,1230.11398636822
Serbia,2022,1261.46962787171
Serbia and Montenegro,2006,1134.30772890329
Serbia and Montenegro,2007,1138.91621291325
Serbia and Montenegro,2008,1143.77497713674
Serbia and Montenegro,2009,1148.37066460023
Serbia and Montenegro,2010,1152.99647421989
Serbia and Montenegro,2011,1161.74641426354
Serbia and Montenegro,2012,1167.39616776901
Serbia and Montenegro,2013,1173.08837316908
Serbia and Montenegro,2014,1178.80693856953
Serbia and Montenegro,2015,1184.85499655198
Serbia and Montenegro,2016,1191.07629263726
Serbia and Montenegro,2017,1197.43199477899
Serbia and Montenegro,2018,1203.99209234836
Serbia and Montenegro,2019,1210.47020007242
Serbia and Montenegro,2020,1218.56014805354
Serbia and Montenegro,2021,1230.11398636822
Serbia and Montenegro,2022,1261.46962787171
Slovakia,1993,2366.06166219587
Slovakia,1994,2356.75643726511
Slovakia,1995,2349.86988994217
Slovakia,1996,2344.90107774259
Slovakia,1997,2340.57568130722
Slovakia,1998,2337.43856803319
Slovakia,1999,2335.05435487637
Slovakia,2000,2338.21761011892
Slovakia,2001,2342.50075341145
Slovakia,2002,2343.35246699221
Slovakia,2003,2344.89540463776
Slovakia,2004,2345.37291429337
Slovakia,2005,2345.14286480047
Slovakia,2006,2345.03505827412
Slovakia,2007,2344.35091435267
Slovakia,2008,2342.3413709724
Slovakia,2009,2339.22210839658
Slovakia,2010,2337.04317297755
Slovakia,2011,2334.03181396507
Slovakia,2012,2330.06304669798
Slovakia,2013,2327.56055213431
Slovakia,2014,2325.30285685602
Slovakia,2015,2323.09408106971
Slovakia,2016,2320.10102382744
Slovakia,2017,2316.50350637737
Slovakia,2018,2313.29718102707
Slovakia,2019,2310.16875782776
Slovakia,2020,2308.18818768208
Slovakia,2021,2313.09503681401
Slovakia,2022,2319.6935353455
Slovenia,1992,9351.37425632282
Slovenia,1993,9373.68519881551
Slovenia,1994,9384.53627472614
Slovenia,1995,9382.51304606528
Slovenia,1996,9388.38234199659
Slovenia,1997,9401.01391974445
Slovenia,1998,9421.54157009208
Slovenia,1999,9414.81408641761
Slovenia,2000,9386.98040398708
Slovenia,2001,9372.20766442778
Slovenia,2002,9360.60124440344
Slovenia,2003,9354.95880460964
Slovenia,2004,9348.9673572317
Slovenia,2005,9332.78812921338
Slovenia,2006,9303.05331491658
Slovenia,2007,9251.17510239718
Slovenia,2008,9236.55677786155
Slovenia,2009,9153.44597579313
Slovenia,2010,9113.61658277941
Slovenia,2011,9094.7042711011
Slovenia,2012,9075.62322601219
Slovenia,2013,9063.31358045548
Slovenia,2014,9054.40401943763
Slovenia,2015,9047.59850954505
Slovenia,2016,9040.97834329762
Slovenia,2017,9035.08924751789
Slovenia,2018,9002.38874310837
Slovenia,2019,8939.92247598024
Slovenia,2020,8880.24699167959
Slovenia,2021,8856.4043377881
Slovenia,2022,8839.64402796112
Spain,1990,2861.01522507777
Spain,1991,2853.74241628218
Spain,1992,2839.8001567253
Spain,1993,2825.112670422
Spain,1994,2811.69426122076
Spain,1995,2799.31175194876
Spain,1996,2787.67642457034
Spain,1997,2776.01717875321
Spain,1998,2764.55244121044
Spain,1999,2753.36975193055
Spain,2000,2741.08589991329
Spain,2001,2722.12676826858
Spain,2002,2683.94444640484
Spain,2003,2635.84279236255
Spain,2004,2590.75234213215
Spain,2005,2547.35310655095
Spain,2006,2504.65574283889
Spain,2007,2458.71900341928
Spain,2008,2419.80553380801
Spain,2009,2398.46708619422
Spain,2010,2387.44972641694
Spain,2011,2378.98125561732
Spain,2012,2377.43718044502
Spain,2013,2386.0511962045
Spain,2014,2393.41897597698
Spain,2015,2395.40033160354
Spain,2016,2393.55261303084
Spain,2017,2387.7401396639
Spain,2018,2376.98204123803
Spain,2019,2360.00716576276
Spain,2020,2348.00152974833
Spain,2021,2343.82471007131
Spain,2022,2327.03642577919
Sweden,1990,19979.3546668443
Sweden,1991,19843.6298756872
Sweden,1992,19727.581708817
Sweden,1993,19613.328392151
Sweden,1994,19474.4295615008
Sweden,1995,19372.5140731119
Sweden,1996,19341.7078026711
Sweden,1997,19330.6354850328
Sweden,1998,19319.907616947
Sweden,1999,19304.8580280099
Sweden,2000,19273.884033661
Sweden,2001,19222.2087329529
Sweden,2002,19159.7540290946
Sweden,2003,19088.59440856
Sweden,2004,19013.6666010269
Sweden,2005,18937.7746807933
Sweden,2006,18831.5517694225
Sweden,2007,18692.4224198882
Sweden,2008,18547.3679712119
Sweden,2009,18390.0332472443
Sweden,2010,18233.920081688
Sweden,2011,18096.7451998383
Sweden,2012,17963.3660784837
Sweden,2013,17811.7968051053
Sweden,2014,17635.9385361759
Sweden,2015,17450.4290458412
Sweden,2016,17232.5441130455
Sweden,2017,17001.9024233975
Sweden,2018,16805.5433527
Sweden,2019,16636.0424042019
Sweden,2020,16516.2464811219
Sweden,2021,16417.3485866823
Sweden,2022,16305.9942837478
Switzerland,1990,6015.91626797571
Switzerland,1991,5941.19569210371
Switzerland,1992,5876.05252609171
Switzerland,1993,5822.78134375092
Switzerland,1994,5776.5490695681
Switzerland,1995,5738.07641214558
Switzerland,1996,5712.7908538784
Switzerland,1997,5699.04580481107
Switzerland,1998,5682.13703486118
Switzerland,1999,5655.10230905946
Switzerland,2000,5623.4123255733
Switzerland,2001,5587.94133325514
Switzerland,2002,5545.82976251906
Switzerland,2003,5504.83642119684
Switzerland,2004,5467.12451579072
Switzerland,2005,5432.21397006769
Switzerland,2006,5398.23039593882
Switzerland,2007,5350.20183106685
Switzerland,2008,5282.65126329244
Switzerland,2009,5217.05600238435
Switzerland,2010,5162.99933967283
Switzerland,2011,5105.91100194909
Switzerland,2012,5051.9822715438
Switzerland,2013,4994.22326600939
Switzerland,2014,4933.65877570281
Switzerland,2015,4877.81554999302
Switzerland,2016,4824.8380753291
Switzerland,2017,4780.02423140997
Switzerland,2018,4744.94232017579
Switzerland,2019,4711.21642675225
Switzerland,2020,4676.91814710227
Switzerland,2021,4641.25297287188
Switzerland,2022,4602.89335141678
Ukraine,1992,1053.06066923324
Ukraine,1993,1052.52850776329
Ukraine,1994,1058.06901674741
Ukraine,1995,1066.47488957775
Ukraine,1996,1075.62337010605
Ukraine,1997,1084.92576380694
Ukraine,1998,1093.69381110828
Ukraine,1999,1102.51937482709
Ukraine,2000,1111.85862808349
Ukraine,2001,1122.04294084808
Ukraine,2002,1131.94490053789
Ukraine,2003,1140.42936772443
Ukraine,2004,1148.40696466514
Ukraine,2005,1157.91438897971
Ukraine,2006,1165.4298234211
Ukraine,2007,1170.77611917591
Ukraine,2008,1176.86823828058
Ukraine,2009,1181.80160227846
Ukraine,2010,1186.06846137839
Ukraine,2011,1189.86298069142
Ukraine,2012,1192.38115617086
Ukraine,2013,1194.53410676707
Ukraine,2014,1198.54573550467
Ukraine,2015,1203.45364549916
Ukraine,2016,1207.88747451818
Ukraine,2017,1212.69368517385
Ukraine,2018,1218.78637764899
Ukraine,2019,1225.60310238181
Ukraine,2020,1233.21357956602
Ukraine,2021,1243.83051037233
Ukraine,2022,1342.30588076631
